BEGIN TRANSACTION;
CREATE TABLE orders (
        id INTEGER PRIMARY KEY,
        user_id INTEGER,
        product_id INTEGER,
        quantity INTEGER,
        order_date TEXT,
        FOREIGN KEY (user_id) REFERENCES users (id),
        FOREIGN KEY (product_id) REFERENCES products (id)
    );
INSERT INTO "orders" VALUES(1,71,17,5,'2023-07-04');
INSERT INTO "orders" VALUES(2,7,16,5,'2023-04-05');
INSERT INTO "orders" VALUES(3,97,7,3,'2023-05-13');
INSERT INTO "orders" VALUES(4,11,10,5,'2023-12-17');
INSERT INTO "orders" VALUES(5,56,8,3,'2023-03-17');
INSERT INTO "orders" VALUES(6,42,18,3,'2023-01-05');
INSERT INTO "orders" VALUES(7,62,16,3,'2023-09-13');
INSERT INTO "orders" VALUES(8,99,1,5,'2023-09-13');
INSERT INTO "orders" VALUES(9,4,16,4,'2023-11-18');
INSERT INTO "orders" VALUES(10,1,9,5,'2023-08-22');
INSERT INTO "orders" VALUES(11,2,15,4,'2023-02-21');
INSERT INTO "orders" VALUES(12,74,6,5,'2023-04-22');
INSERT INTO "orders" VALUES(13,85,1,1,'2023-04-19');
INSERT INTO "orders" VALUES(14,78,1,3,'2023-08-28');
INSERT INTO "orders" VALUES(15,3,4,3,'2023-04-15');
INSERT INTO "orders" VALUES(16,23,10,4,'2023-12-15');
INSERT INTO "orders" VALUES(17,22,9,3,'2023-01-24');
INSERT INTO "orders" VALUES(18,97,4,4,'2023-06-13');
INSERT INTO "orders" VALUES(19,37,10,2,'2023-02-17');
INSERT INTO "orders" VALUES(20,45,10,2,'2023-09-06');
INSERT INTO "orders" VALUES(21,32,9,4,'2023-08-25');
INSERT INTO "orders" VALUES(22,92,1,1,'2023-10-17');
INSERT INTO "orders" VALUES(23,33,14,2,'2023-10-11');
INSERT INTO "orders" VALUES(24,73,12,1,'2023-11-04');
INSERT INTO "orders" VALUES(25,33,18,1,'2023-01-08');
INSERT INTO "orders" VALUES(26,29,1,1,'2023-02-26');
INSERT INTO "orders" VALUES(27,10,5,4,'2023-09-25');
INSERT INTO "orders" VALUES(28,74,14,3,'2023-02-17');
INSERT INTO "orders" VALUES(29,89,18,5,'2023-11-14');
INSERT INTO "orders" VALUES(30,65,17,4,'2023-07-13');
INSERT INTO "orders" VALUES(31,79,14,1,'2023-05-19');
INSERT INTO "orders" VALUES(32,90,17,3,'2023-03-08');
INSERT INTO "orders" VALUES(33,38,4,4,'2023-10-18');
INSERT INTO "orders" VALUES(34,100,8,3,'2023-08-23');
INSERT INTO "orders" VALUES(35,23,6,3,'2023-11-22');
INSERT INTO "orders" VALUES(36,9,9,3,'2023-11-17');
INSERT INTO "orders" VALUES(37,75,20,1,'2023-06-12');
INSERT INTO "orders" VALUES(38,60,18,3,'2023-07-04');
INSERT INTO "orders" VALUES(39,1,13,1,'2023-12-09');
INSERT INTO "orders" VALUES(40,24,7,3,'2023-02-12');
INSERT INTO "orders" VALUES(41,23,20,2,'2023-06-12');
INSERT INTO "orders" VALUES(42,78,2,2,'2023-10-10');
INSERT INTO "orders" VALUES(43,32,3,1,'2023-05-25');
INSERT INTO "orders" VALUES(44,83,16,3,'2023-08-01');
INSERT INTO "orders" VALUES(45,76,6,2,'2023-11-08');
INSERT INTO "orders" VALUES(46,1,1,5,'2023-04-22');
INSERT INTO "orders" VALUES(47,35,13,5,'2023-05-01');
INSERT INTO "orders" VALUES(48,68,15,3,'2023-10-22');
INSERT INTO "orders" VALUES(49,12,11,3,'2023-03-09');
INSERT INTO "orders" VALUES(50,70,13,1,'2023-06-17');
INSERT INTO "orders" VALUES(51,9,10,4,'2023-01-13');
INSERT INTO "orders" VALUES(52,89,7,5,'2023-12-27');
INSERT INTO "orders" VALUES(53,42,18,1,'2023-03-26');
INSERT INTO "orders" VALUES(54,76,8,1,'2023-11-08');
INSERT INTO "orders" VALUES(55,21,1,4,'2023-02-16');
INSERT INTO "orders" VALUES(56,83,14,4,'2023-06-09');
INSERT INTO "orders" VALUES(57,64,15,3,'2023-12-10');
INSERT INTO "orders" VALUES(58,89,1,5,'2023-06-28');
INSERT INTO "orders" VALUES(59,55,1,4,'2023-03-23');
INSERT INTO "orders" VALUES(60,86,2,2,'2023-05-02');
INSERT INTO "orders" VALUES(61,69,4,3,'2023-04-09');
INSERT INTO "orders" VALUES(62,11,2,2,'2023-02-17');
INSERT INTO "orders" VALUES(63,17,6,3,'2023-11-18');
INSERT INTO "orders" VALUES(64,56,6,4,'2023-09-19');
INSERT INTO "orders" VALUES(65,38,3,5,'2023-01-06');
INSERT INTO "orders" VALUES(66,78,8,5,'2023-06-09');
INSERT INTO "orders" VALUES(67,28,6,5,'2023-05-10');
INSERT INTO "orders" VALUES(68,90,9,4,'2023-04-13');
INSERT INTO "orders" VALUES(69,86,15,1,'2023-10-04');
INSERT INTO "orders" VALUES(70,34,9,4,'2023-12-07');
INSERT INTO "orders" VALUES(71,3,18,3,'2023-02-01');
INSERT INTO "orders" VALUES(72,53,5,5,'2023-04-25');
INSERT INTO "orders" VALUES(73,34,12,4,'2023-12-12');
INSERT INTO "orders" VALUES(74,13,1,4,'2023-09-28');
INSERT INTO "orders" VALUES(75,2,20,5,'2023-09-08');
INSERT INTO "orders" VALUES(76,79,13,4,'2023-12-27');
INSERT INTO "orders" VALUES(77,53,8,4,'2023-10-14');
INSERT INTO "orders" VALUES(78,7,20,1,'2023-10-12');
INSERT INTO "orders" VALUES(79,73,13,2,'2023-10-14');
INSERT INTO "orders" VALUES(80,64,11,4,'2023-07-01');
INSERT INTO "orders" VALUES(81,67,1,1,'2023-12-20');
INSERT INTO "orders" VALUES(82,45,2,2,'2023-12-28');
INSERT INTO "orders" VALUES(83,31,2,1,'2023-07-27');
INSERT INTO "orders" VALUES(84,100,11,4,'2023-11-04');
INSERT INTO "orders" VALUES(85,20,8,1,'2023-06-19');
INSERT INTO "orders" VALUES(86,38,2,5,'2023-06-22');
INSERT INTO "orders" VALUES(87,45,8,3,'2023-10-18');
INSERT INTO "orders" VALUES(88,39,15,1,'2023-11-01');
INSERT INTO "orders" VALUES(89,75,9,4,'2023-11-11');
INSERT INTO "orders" VALUES(90,40,3,2,'2023-05-05');
INSERT INTO "orders" VALUES(91,47,16,1,'2023-11-15');
INSERT INTO "orders" VALUES(92,30,13,3,'2023-07-26');
INSERT INTO "orders" VALUES(93,3,1,5,'2023-06-15');
INSERT INTO "orders" VALUES(94,87,15,2,'2023-09-09');
INSERT INTO "orders" VALUES(95,88,4,5,'2023-03-17');
INSERT INTO "orders" VALUES(96,45,7,4,'2023-09-01');
INSERT INTO "orders" VALUES(97,79,12,4,'2023-05-04');
INSERT INTO "orders" VALUES(98,99,11,2,'2023-03-05');
INSERT INTO "orders" VALUES(99,59,20,5,'2023-01-04');
INSERT INTO "orders" VALUES(100,80,2,1,'2023-07-22');
INSERT INTO "orders" VALUES(101,52,3,5,'2023-08-08');
INSERT INTO "orders" VALUES(102,78,19,2,'2023-01-16');
INSERT INTO "orders" VALUES(103,59,5,5,'2023-12-18');
INSERT INTO "orders" VALUES(104,12,3,1,'2023-09-08');
INSERT INTO "orders" VALUES(105,92,4,4,'2023-11-07');
INSERT INTO "orders" VALUES(106,84,14,5,'2023-09-18');
INSERT INTO "orders" VALUES(107,99,7,1,'2023-10-20');
INSERT INTO "orders" VALUES(108,61,3,1,'2023-08-15');
INSERT INTO "orders" VALUES(109,64,18,3,'2023-09-02');
INSERT INTO "orders" VALUES(110,26,20,4,'2023-03-21');
INSERT INTO "orders" VALUES(111,69,6,1,'2023-03-21');
INSERT INTO "orders" VALUES(112,61,4,3,'2023-05-10');
INSERT INTO "orders" VALUES(113,49,15,2,'2023-01-22');
INSERT INTO "orders" VALUES(114,29,9,4,'2023-08-05');
INSERT INTO "orders" VALUES(115,81,18,1,'2023-10-04');
INSERT INTO "orders" VALUES(116,61,5,1,'2023-02-28');
INSERT INTO "orders" VALUES(117,55,9,1,'2023-08-25');
INSERT INTO "orders" VALUES(118,98,19,4,'2023-09-26');
INSERT INTO "orders" VALUES(119,63,10,1,'2023-01-04');
INSERT INTO "orders" VALUES(120,26,17,1,'2023-02-08');
INSERT INTO "orders" VALUES(121,57,17,1,'2023-10-18');
INSERT INTO "orders" VALUES(122,18,19,2,'2023-08-06');
INSERT INTO "orders" VALUES(123,83,20,2,'2023-05-21');
INSERT INTO "orders" VALUES(124,91,1,3,'2023-09-04');
INSERT INTO "orders" VALUES(125,11,11,1,'2023-02-26');
INSERT INTO "orders" VALUES(126,83,7,1,'2023-09-01');
INSERT INTO "orders" VALUES(127,41,9,3,'2023-11-13');
INSERT INTO "orders" VALUES(128,14,16,5,'2023-02-12');
INSERT INTO "orders" VALUES(129,13,19,1,'2023-10-23');
INSERT INTO "orders" VALUES(130,50,13,2,'2023-05-20');
INSERT INTO "orders" VALUES(131,92,4,1,'2023-09-22');
INSERT INTO "orders" VALUES(132,83,7,2,'2023-12-03');
INSERT INTO "orders" VALUES(133,17,13,2,'2023-03-04');
INSERT INTO "orders" VALUES(134,81,8,1,'2023-11-21');
INSERT INTO "orders" VALUES(135,84,13,5,'2023-11-24');
INSERT INTO "orders" VALUES(136,67,20,1,'2023-03-04');
INSERT INTO "orders" VALUES(137,28,20,5,'2023-06-10');
INSERT INTO "orders" VALUES(138,90,12,5,'2023-12-03');
INSERT INTO "orders" VALUES(139,62,7,1,'2023-10-19');
INSERT INTO "orders" VALUES(140,54,11,3,'2023-11-12');
INSERT INTO "orders" VALUES(141,47,1,4,'2023-12-25');
INSERT INTO "orders" VALUES(142,66,3,1,'2023-05-05');
INSERT INTO "orders" VALUES(143,20,11,3,'2023-12-24');
INSERT INTO "orders" VALUES(144,58,16,3,'2023-10-13');
INSERT INTO "orders" VALUES(145,9,7,5,'2023-10-20');
INSERT INTO "orders" VALUES(146,19,1,4,'2023-09-26');
INSERT INTO "orders" VALUES(147,3,7,1,'2023-03-20');
INSERT INTO "orders" VALUES(148,91,13,4,'2023-09-15');
INSERT INTO "orders" VALUES(149,85,11,5,'2023-08-12');
INSERT INTO "orders" VALUES(150,61,4,1,'2023-02-18');
INSERT INTO "orders" VALUES(151,99,5,4,'2023-06-08');
INSERT INTO "orders" VALUES(152,73,20,5,'2023-06-12');
INSERT INTO "orders" VALUES(153,86,9,4,'2023-08-11');
INSERT INTO "orders" VALUES(154,31,7,3,'2023-01-11');
INSERT INTO "orders" VALUES(155,63,20,4,'2023-04-07');
INSERT INTO "orders" VALUES(156,84,8,1,'2023-03-02');
INSERT INTO "orders" VALUES(157,34,10,3,'2023-10-06');
INSERT INTO "orders" VALUES(158,12,15,2,'2023-03-27');
INSERT INTO "orders" VALUES(159,53,10,2,'2023-07-16');
INSERT INTO "orders" VALUES(160,45,14,3,'2023-01-17');
INSERT INTO "orders" VALUES(161,3,2,5,'2023-01-19');
INSERT INTO "orders" VALUES(162,19,9,2,'2023-02-26');
INSERT INTO "orders" VALUES(163,4,20,1,'2023-07-08');
INSERT INTO "orders" VALUES(164,32,3,2,'2023-02-22');
INSERT INTO "orders" VALUES(165,11,3,5,'2023-06-21');
INSERT INTO "orders" VALUES(166,41,5,2,'2023-06-16');
INSERT INTO "orders" VALUES(167,50,16,3,'2023-03-06');
INSERT INTO "orders" VALUES(168,73,15,4,'2023-07-01');
INSERT INTO "orders" VALUES(169,57,12,2,'2023-02-17');
INSERT INTO "orders" VALUES(170,91,4,5,'2023-01-05');
INSERT INTO "orders" VALUES(171,63,5,4,'2023-01-21');
INSERT INTO "orders" VALUES(172,37,7,4,'2023-10-04');
INSERT INTO "orders" VALUES(173,64,1,5,'2023-04-18');
INSERT INTO "orders" VALUES(174,84,10,3,'2023-11-25');
INSERT INTO "orders" VALUES(175,92,19,4,'2023-10-18');
INSERT INTO "orders" VALUES(176,56,2,3,'2023-12-23');
INSERT INTO "orders" VALUES(177,33,8,2,'2023-11-17');
INSERT INTO "orders" VALUES(178,26,3,2,'2023-12-16');
INSERT INTO "orders" VALUES(179,26,6,3,'2023-01-23');
INSERT INTO "orders" VALUES(180,14,5,4,'2023-05-19');
INSERT INTO "orders" VALUES(181,31,5,2,'2023-07-05');
INSERT INTO "orders" VALUES(182,2,15,4,'2023-09-26');
INSERT INTO "orders" VALUES(183,31,13,3,'2023-02-20');
INSERT INTO "orders" VALUES(184,67,20,3,'2023-05-10');
INSERT INTO "orders" VALUES(185,86,16,2,'2023-07-26');
INSERT INTO "orders" VALUES(186,23,15,1,'2023-10-15');
INSERT INTO "orders" VALUES(187,11,18,1,'2023-02-01');
INSERT INTO "orders" VALUES(188,43,15,5,'2023-05-28');
INSERT INTO "orders" VALUES(189,86,14,4,'2023-12-15');
INSERT INTO "orders" VALUES(190,8,3,4,'2023-06-07');
INSERT INTO "orders" VALUES(191,32,4,1,'2023-10-15');
INSERT INTO "orders" VALUES(192,85,15,4,'2023-12-10');
INSERT INTO "orders" VALUES(193,5,2,4,'2023-10-25');
INSERT INTO "orders" VALUES(194,37,4,2,'2023-04-04');
INSERT INTO "orders" VALUES(195,99,7,5,'2023-09-21');
INSERT INTO "orders" VALUES(196,16,3,3,'2023-05-22');
INSERT INTO "orders" VALUES(197,41,6,2,'2023-04-17');
INSERT INTO "orders" VALUES(198,3,5,1,'2023-09-18');
INSERT INTO "orders" VALUES(199,46,7,5,'2023-09-06');
INSERT INTO "orders" VALUES(200,26,18,5,'2023-09-27');
INSERT INTO "orders" VALUES(201,4,6,2,'2023-02-24');
INSERT INTO "orders" VALUES(202,47,13,1,'2023-08-24');
INSERT INTO "orders" VALUES(203,17,8,4,'2023-10-24');
INSERT INTO "orders" VALUES(204,17,20,4,'2023-03-04');
INSERT INTO "orders" VALUES(205,30,16,1,'2023-10-25');
INSERT INTO "orders" VALUES(206,55,5,4,'2023-05-16');
INSERT INTO "orders" VALUES(207,96,7,4,'2023-04-26');
INSERT INTO "orders" VALUES(208,58,16,5,'2023-04-11');
INSERT INTO "orders" VALUES(209,9,15,5,'2023-12-11');
INSERT INTO "orders" VALUES(210,16,9,1,'2023-09-09');
INSERT INTO "orders" VALUES(211,27,1,3,'2023-03-04');
INSERT INTO "orders" VALUES(212,74,2,3,'2023-06-16');
INSERT INTO "orders" VALUES(213,55,5,5,'2023-10-20');
INSERT INTO "orders" VALUES(214,24,1,2,'2023-06-24');
INSERT INTO "orders" VALUES(215,41,5,1,'2023-10-25');
INSERT INTO "orders" VALUES(216,80,5,2,'2023-09-16');
INSERT INTO "orders" VALUES(217,12,5,3,'2023-08-23');
INSERT INTO "orders" VALUES(218,40,1,5,'2023-01-23');
INSERT INTO "orders" VALUES(219,13,19,3,'2023-02-20');
INSERT INTO "orders" VALUES(220,79,7,1,'2023-06-19');
INSERT INTO "orders" VALUES(221,66,5,1,'2023-11-09');
INSERT INTO "orders" VALUES(222,1,5,4,'2023-02-06');
INSERT INTO "orders" VALUES(223,3,8,2,'2023-05-27');
INSERT INTO "orders" VALUES(224,53,19,4,'2023-11-04');
INSERT INTO "orders" VALUES(225,35,3,2,'2023-08-11');
INSERT INTO "orders" VALUES(226,34,8,4,'2023-08-20');
INSERT INTO "orders" VALUES(227,18,7,5,'2023-09-04');
INSERT INTO "orders" VALUES(228,32,2,3,'2023-11-10');
INSERT INTO "orders" VALUES(229,20,14,3,'2023-07-04');
INSERT INTO "orders" VALUES(230,4,13,3,'2023-05-13');
INSERT INTO "orders" VALUES(231,77,14,3,'2023-04-28');
INSERT INTO "orders" VALUES(232,73,5,1,'2023-01-04');
INSERT INTO "orders" VALUES(233,35,11,1,'2023-04-28');
INSERT INTO "orders" VALUES(234,35,10,4,'2023-07-10');
INSERT INTO "orders" VALUES(235,52,16,2,'2023-06-02');
INSERT INTO "orders" VALUES(236,79,7,4,'2023-10-04');
INSERT INTO "orders" VALUES(237,27,5,1,'2023-05-17');
INSERT INTO "orders" VALUES(238,88,19,5,'2023-12-19');
INSERT INTO "orders" VALUES(239,13,12,3,'2023-07-05');
INSERT INTO "orders" VALUES(240,47,1,4,'2023-01-22');
INSERT INTO "orders" VALUES(241,74,11,2,'2023-08-04');
INSERT INTO "orders" VALUES(242,37,18,2,'2023-06-02');
INSERT INTO "orders" VALUES(243,19,5,1,'2023-05-13');
INSERT INTO "orders" VALUES(244,48,16,3,'2023-11-08');
INSERT INTO "orders" VALUES(245,90,12,2,'2023-01-08');
INSERT INTO "orders" VALUES(246,76,19,5,'2023-06-23');
INSERT INTO "orders" VALUES(247,16,10,3,'2023-09-02');
INSERT INTO "orders" VALUES(248,69,6,3,'2023-12-26');
INSERT INTO "orders" VALUES(249,47,11,2,'2023-02-18');
INSERT INTO "orders" VALUES(250,66,6,4,'2023-04-19');
INSERT INTO "orders" VALUES(251,41,20,3,'2023-07-08');
INSERT INTO "orders" VALUES(252,74,7,3,'2023-05-05');
INSERT INTO "orders" VALUES(253,4,15,5,'2023-08-16');
INSERT INTO "orders" VALUES(254,58,20,2,'2023-07-23');
INSERT INTO "orders" VALUES(255,73,11,5,'2023-03-28');
INSERT INTO "orders" VALUES(256,13,13,4,'2023-03-19');
INSERT INTO "orders" VALUES(257,17,17,5,'2023-09-10');
INSERT INTO "orders" VALUES(258,59,19,1,'2023-02-25');
INSERT INTO "orders" VALUES(259,68,4,3,'2023-11-19');
INSERT INTO "orders" VALUES(260,24,3,3,'2023-06-21');
INSERT INTO "orders" VALUES(261,18,3,5,'2023-11-12');
INSERT INTO "orders" VALUES(262,73,2,4,'2023-07-12');
INSERT INTO "orders" VALUES(263,81,14,4,'2023-06-26');
INSERT INTO "orders" VALUES(264,35,6,2,'2023-02-09');
INSERT INTO "orders" VALUES(265,71,13,4,'2023-01-11');
INSERT INTO "orders" VALUES(266,65,18,3,'2023-05-22');
INSERT INTO "orders" VALUES(267,71,7,4,'2023-04-19');
INSERT INTO "orders" VALUES(268,84,18,4,'2023-08-20');
INSERT INTO "orders" VALUES(269,68,3,4,'2023-09-12');
INSERT INTO "orders" VALUES(270,12,18,4,'2023-06-26');
INSERT INTO "orders" VALUES(271,41,20,2,'2023-11-10');
INSERT INTO "orders" VALUES(272,16,2,1,'2023-05-01');
INSERT INTO "orders" VALUES(273,80,3,3,'2023-07-19');
INSERT INTO "orders" VALUES(274,80,9,4,'2023-08-01');
INSERT INTO "orders" VALUES(275,64,11,1,'2023-05-21');
INSERT INTO "orders" VALUES(276,40,7,2,'2023-01-21');
INSERT INTO "orders" VALUES(277,62,11,5,'2023-08-17');
INSERT INTO "orders" VALUES(278,40,7,4,'2023-09-19');
INSERT INTO "orders" VALUES(279,80,15,3,'2023-11-09');
INSERT INTO "orders" VALUES(280,49,20,5,'2023-04-22');
INSERT INTO "orders" VALUES(281,96,17,4,'2023-04-19');
INSERT INTO "orders" VALUES(282,64,4,1,'2023-12-27');
INSERT INTO "orders" VALUES(283,12,4,3,'2023-03-14');
INSERT INTO "orders" VALUES(284,55,16,2,'2023-02-05');
INSERT INTO "orders" VALUES(285,87,19,5,'2023-08-12');
INSERT INTO "orders" VALUES(286,81,8,4,'2023-03-25');
INSERT INTO "orders" VALUES(287,37,12,4,'2023-10-07');
INSERT INTO "orders" VALUES(288,36,6,2,'2023-07-21');
INSERT INTO "orders" VALUES(289,76,10,2,'2023-01-19');
INSERT INTO "orders" VALUES(290,73,4,5,'2023-02-04');
INSERT INTO "orders" VALUES(291,24,10,4,'2023-03-28');
INSERT INTO "orders" VALUES(292,76,9,2,'2023-04-23');
INSERT INTO "orders" VALUES(293,56,13,2,'2023-02-13');
INSERT INTO "orders" VALUES(294,17,19,3,'2023-05-16');
INSERT INTO "orders" VALUES(295,80,3,2,'2023-07-20');
INSERT INTO "orders" VALUES(296,84,15,4,'2023-06-18');
INSERT INTO "orders" VALUES(297,4,4,4,'2023-10-22');
INSERT INTO "orders" VALUES(298,41,14,4,'2023-04-14');
INSERT INTO "orders" VALUES(299,95,4,1,'2023-04-23');
INSERT INTO "orders" VALUES(300,85,5,4,'2023-03-24');
INSERT INTO "orders" VALUES(301,79,18,5,'2023-11-03');
INSERT INTO "orders" VALUES(302,57,6,3,'2023-04-17');
INSERT INTO "orders" VALUES(303,47,8,2,'2023-03-20');
INSERT INTO "orders" VALUES(304,93,3,1,'2023-09-14');
INSERT INTO "orders" VALUES(305,78,3,4,'2023-08-18');
INSERT INTO "orders" VALUES(306,26,18,4,'2023-09-14');
INSERT INTO "orders" VALUES(307,19,6,1,'2023-04-07');
INSERT INTO "orders" VALUES(308,2,10,3,'2023-07-03');
INSERT INTO "orders" VALUES(309,52,11,1,'2023-04-17');
INSERT INTO "orders" VALUES(310,1,18,4,'2023-12-06');
INSERT INTO "orders" VALUES(311,91,11,2,'2023-09-06');
INSERT INTO "orders" VALUES(312,22,9,5,'2023-08-19');
INSERT INTO "orders" VALUES(313,28,17,4,'2023-12-17');
INSERT INTO "orders" VALUES(314,82,13,4,'2023-06-27');
INSERT INTO "orders" VALUES(315,76,5,4,'2023-10-25');
INSERT INTO "orders" VALUES(316,35,15,2,'2023-01-25');
INSERT INTO "orders" VALUES(317,99,8,4,'2023-09-24');
INSERT INTO "orders" VALUES(318,13,13,2,'2023-03-08');
INSERT INTO "orders" VALUES(319,86,4,3,'2023-06-04');
INSERT INTO "orders" VALUES(320,59,20,5,'2023-08-20');
INSERT INTO "orders" VALUES(321,94,10,2,'2023-12-24');
INSERT INTO "orders" VALUES(322,1,5,1,'2023-09-20');
INSERT INTO "orders" VALUES(323,16,17,3,'2023-03-18');
INSERT INTO "orders" VALUES(324,59,8,3,'2023-10-22');
INSERT INTO "orders" VALUES(325,48,12,2,'2023-08-21');
INSERT INTO "orders" VALUES(326,20,3,5,'2023-02-05');
INSERT INTO "orders" VALUES(327,6,16,1,'2023-06-16');
INSERT INTO "orders" VALUES(328,16,13,5,'2023-04-28');
INSERT INTO "orders" VALUES(329,58,18,1,'2023-05-10');
INSERT INTO "orders" VALUES(330,64,3,4,'2023-01-26');
INSERT INTO "orders" VALUES(331,82,8,2,'2023-06-12');
INSERT INTO "orders" VALUES(332,49,16,3,'2023-02-06');
INSERT INTO "orders" VALUES(333,35,19,2,'2023-09-16');
INSERT INTO "orders" VALUES(334,21,7,4,'2023-07-21');
INSERT INTO "orders" VALUES(335,56,10,5,'2023-01-22');
INSERT INTO "orders" VALUES(336,38,12,3,'2023-08-13');
INSERT INTO "orders" VALUES(337,32,11,3,'2023-04-20');
INSERT INTO "orders" VALUES(338,7,6,4,'2023-06-25');
INSERT INTO "orders" VALUES(339,79,7,3,'2023-10-15');
INSERT INTO "orders" VALUES(340,74,16,2,'2023-09-26');
INSERT INTO "orders" VALUES(341,4,12,1,'2023-05-08');
INSERT INTO "orders" VALUES(342,44,4,1,'2023-02-07');
INSERT INTO "orders" VALUES(343,67,17,5,'2023-12-10');
INSERT INTO "orders" VALUES(344,94,15,4,'2023-08-13');
INSERT INTO "orders" VALUES(345,16,5,5,'2023-09-13');
INSERT INTO "orders" VALUES(346,82,6,4,'2023-09-16');
INSERT INTO "orders" VALUES(347,15,13,5,'2023-03-03');
INSERT INTO "orders" VALUES(348,9,6,1,'2023-09-14');
INSERT INTO "orders" VALUES(349,21,6,4,'2023-09-12');
INSERT INTO "orders" VALUES(350,64,3,2,'2023-08-25');
INSERT INTO "orders" VALUES(351,65,1,2,'2023-11-03');
INSERT INTO "orders" VALUES(352,100,1,5,'2023-03-25');
INSERT INTO "orders" VALUES(353,65,7,5,'2023-12-07');
INSERT INTO "orders" VALUES(354,68,15,1,'2023-12-11');
INSERT INTO "orders" VALUES(355,83,2,5,'2023-09-01');
INSERT INTO "orders" VALUES(356,88,6,4,'2023-09-12');
INSERT INTO "orders" VALUES(357,41,11,1,'2023-04-11');
INSERT INTO "orders" VALUES(358,67,19,1,'2023-07-25');
INSERT INTO "orders" VALUES(359,11,11,1,'2023-01-23');
INSERT INTO "orders" VALUES(360,43,4,5,'2023-04-04');
INSERT INTO "orders" VALUES(361,51,6,2,'2023-12-16');
INSERT INTO "orders" VALUES(362,85,10,5,'2023-11-23');
INSERT INTO "orders" VALUES(363,73,12,2,'2023-08-23');
INSERT INTO "orders" VALUES(364,91,8,4,'2023-02-26');
INSERT INTO "orders" VALUES(365,38,5,5,'2023-05-10');
INSERT INTO "orders" VALUES(366,100,3,4,'2023-07-21');
INSERT INTO "orders" VALUES(367,25,18,1,'2023-09-13');
INSERT INTO "orders" VALUES(368,97,14,5,'2023-02-08');
INSERT INTO "orders" VALUES(369,37,20,4,'2023-11-23');
INSERT INTO "orders" VALUES(370,6,7,2,'2023-04-17');
INSERT INTO "orders" VALUES(371,2,9,1,'2023-02-06');
INSERT INTO "orders" VALUES(372,61,11,1,'2023-08-09');
INSERT INTO "orders" VALUES(373,22,2,5,'2023-02-04');
INSERT INTO "orders" VALUES(374,73,13,1,'2023-12-16');
INSERT INTO "orders" VALUES(375,99,13,4,'2023-07-24');
INSERT INTO "orders" VALUES(376,72,14,3,'2023-11-19');
INSERT INTO "orders" VALUES(377,19,19,1,'2023-12-14');
INSERT INTO "orders" VALUES(378,75,1,1,'2023-03-18');
INSERT INTO "orders" VALUES(379,59,3,5,'2023-06-15');
INSERT INTO "orders" VALUES(380,41,4,1,'2023-11-09');
INSERT INTO "orders" VALUES(381,44,15,1,'2023-06-01');
INSERT INTO "orders" VALUES(382,70,20,4,'2023-07-12');
INSERT INTO "orders" VALUES(383,21,1,1,'2023-01-28');
INSERT INTO "orders" VALUES(384,80,3,1,'2023-09-06');
INSERT INTO "orders" VALUES(385,51,14,1,'2023-12-15');
INSERT INTO "orders" VALUES(386,34,11,1,'2023-07-19');
INSERT INTO "orders" VALUES(387,8,13,5,'2023-10-25');
INSERT INTO "orders" VALUES(388,100,13,2,'2023-03-26');
INSERT INTO "orders" VALUES(389,23,12,2,'2023-08-04');
INSERT INTO "orders" VALUES(390,53,11,2,'2023-06-14');
INSERT INTO "orders" VALUES(391,72,15,4,'2023-08-11');
INSERT INTO "orders" VALUES(392,73,5,3,'2023-08-04');
INSERT INTO "orders" VALUES(393,1,12,5,'2023-06-09');
INSERT INTO "orders" VALUES(394,71,20,5,'2023-02-11');
INSERT INTO "orders" VALUES(395,66,3,1,'2023-07-10');
INSERT INTO "orders" VALUES(396,69,20,4,'2023-06-27');
INSERT INTO "orders" VALUES(397,8,12,3,'2023-02-08');
INSERT INTO "orders" VALUES(398,66,1,3,'2023-04-07');
INSERT INTO "orders" VALUES(399,7,14,4,'2023-02-20');
INSERT INTO "orders" VALUES(400,73,2,1,'2023-11-23');
INSERT INTO "orders" VALUES(401,74,9,5,'2023-06-12');
INSERT INTO "orders" VALUES(402,42,4,5,'2023-01-21');
INSERT INTO "orders" VALUES(403,34,10,4,'2023-04-18');
INSERT INTO "orders" VALUES(404,58,13,2,'2023-02-17');
INSERT INTO "orders" VALUES(405,58,12,4,'2023-12-04');
INSERT INTO "orders" VALUES(406,4,14,4,'2023-11-17');
INSERT INTO "orders" VALUES(407,81,5,1,'2023-05-11');
INSERT INTO "orders" VALUES(408,96,11,5,'2023-04-07');
INSERT INTO "orders" VALUES(409,91,11,1,'2023-05-09');
INSERT INTO "orders" VALUES(410,65,3,1,'2023-08-13');
INSERT INTO "orders" VALUES(411,53,4,1,'2023-03-14');
INSERT INTO "orders" VALUES(412,70,9,1,'2023-10-02');
INSERT INTO "orders" VALUES(413,40,4,2,'2023-10-19');
INSERT INTO "orders" VALUES(414,91,10,5,'2023-01-06');
INSERT INTO "orders" VALUES(415,61,1,1,'2023-05-05');
INSERT INTO "orders" VALUES(416,1,4,2,'2023-09-15');
INSERT INTO "orders" VALUES(417,67,5,5,'2023-08-04');
INSERT INTO "orders" VALUES(418,22,17,3,'2023-04-01');
INSERT INTO "orders" VALUES(419,79,3,2,'2023-01-08');
INSERT INTO "orders" VALUES(420,2,1,4,'2023-06-22');
INSERT INTO "orders" VALUES(421,88,17,5,'2023-08-20');
INSERT INTO "orders" VALUES(422,45,18,5,'2023-12-03');
INSERT INTO "orders" VALUES(423,12,7,3,'2023-02-17');
INSERT INTO "orders" VALUES(424,81,8,1,'2023-07-16');
INSERT INTO "orders" VALUES(425,95,11,5,'2023-09-26');
INSERT INTO "orders" VALUES(426,40,18,5,'2023-03-27');
INSERT INTO "orders" VALUES(427,12,7,3,'2023-02-23');
INSERT INTO "orders" VALUES(428,88,19,5,'2023-01-25');
INSERT INTO "orders" VALUES(429,60,10,4,'2023-10-20');
INSERT INTO "orders" VALUES(430,61,18,1,'2023-10-28');
INSERT INTO "orders" VALUES(431,30,19,1,'2023-11-25');
INSERT INTO "orders" VALUES(432,26,18,2,'2023-06-17');
INSERT INTO "orders" VALUES(433,50,12,1,'2023-09-27');
INSERT INTO "orders" VALUES(434,20,14,3,'2023-04-22');
INSERT INTO "orders" VALUES(435,32,20,4,'2023-10-04');
INSERT INTO "orders" VALUES(436,6,2,3,'2023-09-11');
INSERT INTO "orders" VALUES(437,97,12,4,'2023-10-24');
INSERT INTO "orders" VALUES(438,9,16,1,'2023-10-22');
INSERT INTO "orders" VALUES(439,100,20,5,'2023-09-09');
INSERT INTO "orders" VALUES(440,76,10,3,'2023-01-23');
INSERT INTO "orders" VALUES(441,24,11,1,'2023-06-10');
INSERT INTO "orders" VALUES(442,83,9,3,'2023-06-11');
INSERT INTO "orders" VALUES(443,27,9,1,'2023-04-14');
INSERT INTO "orders" VALUES(444,68,2,4,'2023-08-19');
INSERT INTO "orders" VALUES(445,34,14,4,'2023-01-22');
INSERT INTO "orders" VALUES(446,41,1,4,'2023-05-07');
INSERT INTO "orders" VALUES(447,43,7,5,'2023-05-01');
INSERT INTO "orders" VALUES(448,81,18,3,'2023-11-15');
INSERT INTO "orders" VALUES(449,13,7,1,'2023-05-06');
INSERT INTO "orders" VALUES(450,54,4,3,'2023-08-22');
INSERT INTO "orders" VALUES(451,23,1,4,'2023-04-08');
INSERT INTO "orders" VALUES(452,11,19,2,'2023-08-21');
INSERT INTO "orders" VALUES(453,60,13,5,'2023-08-14');
INSERT INTO "orders" VALUES(454,100,20,3,'2023-12-05');
INSERT INTO "orders" VALUES(455,46,15,4,'2023-10-14');
INSERT INTO "orders" VALUES(456,98,11,2,'2023-11-16');
INSERT INTO "orders" VALUES(457,50,6,5,'2023-04-10');
INSERT INTO "orders" VALUES(458,87,13,3,'2023-07-27');
INSERT INTO "orders" VALUES(459,28,15,5,'2023-04-11');
INSERT INTO "orders" VALUES(460,28,6,4,'2023-07-23');
INSERT INTO "orders" VALUES(461,49,15,2,'2023-11-07');
INSERT INTO "orders" VALUES(462,78,12,1,'2023-12-20');
INSERT INTO "orders" VALUES(463,20,14,1,'2023-06-21');
INSERT INTO "orders" VALUES(464,65,19,4,'2023-08-17');
INSERT INTO "orders" VALUES(465,71,17,5,'2023-03-11');
INSERT INTO "orders" VALUES(466,68,9,1,'2023-02-18');
INSERT INTO "orders" VALUES(467,23,13,5,'2023-07-24');
INSERT INTO "orders" VALUES(468,59,9,3,'2023-02-05');
INSERT INTO "orders" VALUES(469,48,11,2,'2023-11-05');
INSERT INTO "orders" VALUES(470,68,16,5,'2023-01-16');
INSERT INTO "orders" VALUES(471,50,8,2,'2023-07-16');
INSERT INTO "orders" VALUES(472,23,13,2,'2023-01-07');
INSERT INTO "orders" VALUES(473,56,7,5,'2023-01-07');
INSERT INTO "orders" VALUES(474,2,11,5,'2023-11-08');
INSERT INTO "orders" VALUES(475,91,6,5,'2023-03-21');
INSERT INTO "orders" VALUES(476,5,7,1,'2023-04-16');
INSERT INTO "orders" VALUES(477,21,4,1,'2023-08-04');
INSERT INTO "orders" VALUES(478,19,3,3,'2023-03-08');
INSERT INTO "orders" VALUES(479,17,14,1,'2023-12-24');
INSERT INTO "orders" VALUES(480,93,18,5,'2023-03-12');
INSERT INTO "orders" VALUES(481,17,1,5,'2023-07-25');
INSERT INTO "orders" VALUES(482,2,5,2,'2023-01-07');
INSERT INTO "orders" VALUES(483,7,2,2,'2023-01-25');
INSERT INTO "orders" VALUES(484,48,19,4,'2023-11-27');
INSERT INTO "orders" VALUES(485,64,14,5,'2023-01-09');
INSERT INTO "orders" VALUES(486,23,12,3,'2023-02-18');
INSERT INTO "orders" VALUES(487,66,10,2,'2023-09-22');
INSERT INTO "orders" VALUES(488,87,19,2,'2023-07-09');
INSERT INTO "orders" VALUES(489,33,10,4,'2023-08-16');
INSERT INTO "orders" VALUES(490,12,10,4,'2023-05-28');
INSERT INTO "orders" VALUES(491,45,8,3,'2023-12-22');
INSERT INTO "orders" VALUES(492,7,8,2,'2023-09-03');
INSERT INTO "orders" VALUES(493,12,17,5,'2023-11-07');
INSERT INTO "orders" VALUES(494,24,8,2,'2023-03-13');
INSERT INTO "orders" VALUES(495,10,2,3,'2023-01-24');
INSERT INTO "orders" VALUES(496,86,3,4,'2023-08-22');
INSERT INTO "orders" VALUES(497,19,5,4,'2023-08-19');
INSERT INTO "orders" VALUES(498,82,3,4,'2023-04-12');
INSERT INTO "orders" VALUES(499,64,13,5,'2023-04-08');
INSERT INTO "orders" VALUES(500,33,13,3,'2023-02-20');
CREATE TABLE products (
        id INTEGER PRIMARY KEY,
        name TEXT NOT NULL,
        price REAL NOT NULL,
        description TEXT
    );
INSERT INTO "products" VALUES(1,'Product 1',269.06,'Description for product 1. Features include X, Y, and Z.');
INSERT INTO "products" VALUES(2,'Product 2',375.66,'Description for product 2. Features include X, Y, and Z.');
INSERT INTO "products" VALUES(3,'Product 3',223.48,'Description for product 3. Features include X, Y, and Z.');
INSERT INTO "products" VALUES(4,'Product 4',99.51,'Description for product 4. Features include X, Y, and Z.');
INSERT INTO "products" VALUES(5,'Product 5',453.47,'Description for product 5. Features include X, Y, and Z.');
INSERT INTO "products" VALUES(6,'Product 6',122.28,'Description for product 6. Features include X, Y, and Z.');
INSERT INTO "products" VALUES(7,'Product 7',148.74,'Description for product 7. Features include X, Y, and Z.');
INSERT INTO "products" VALUES(8,'Product 8',427.06,'Description for product 8. Features include X, Y, and Z.');
INSERT INTO "products" VALUES(9,'Product 9',279.43,'Description for product 9. Features include X, Y, and Z.');
INSERT INTO "products" VALUES(10,'Product 10',353.85,'Description for product 10. Features include X, Y, and Z.');
INSERT INTO "products" VALUES(11,'Product 11',457.43,'Description for product 11. Features include X, Y, and Z.');
INSERT INTO "products" VALUES(12,'Product 12',336.27,'Description for product 12. Features include X, Y, and Z.');
INSERT INTO "products" VALUES(13,'Product 13',376.54,'Description for product 13. Features include X, Y, and Z.');
INSERT INTO "products" VALUES(14,'Product 14',46.53,'Description for product 14. Features include X, Y, and Z.');
INSERT INTO "products" VALUES(15,'Product 15',14.72,'Description for product 15. Features include X, Y, and Z.');
INSERT INTO "products" VALUES(16,'Product 16',439.44,'Description for product 16. Features include X, Y, and Z.');
INSERT INTO "products" VALUES(17,'Product 17',138.26,'Description for product 17. Features include X, Y, and Z.');
INSERT INTO "products" VALUES(18,'Product 18',460.37,'Description for product 18. Features include X, Y, and Z.');
INSERT INTO "products" VALUES(19,'Product 19',365.09,'Description for product 19. Features include X, Y, and Z.');
INSERT INTO "products" VALUES(20,'Product 20',457.5,'Description for product 20. Features include X, Y, and Z.');
CREATE TABLE users (
        id INTEGER PRIMARY KEY,
        username TEXT NOT NULL,
        email TEXT NOT NULL,
        bio TEXT
    );
INSERT INTO "users" VALUES(1,'user_1','user_1@example.com','This is the bio for user 1. It might contain some interesting or uninteresting info.');
INSERT INTO "users" VALUES(2,'user_2','user_2@example.com','This is the bio for user 2. It might contain some interesting or uninteresting info.');
INSERT INTO "users" VALUES(3,'user_3','user_3@example.com','This is the bio for user 3. It might contain some interesting or uninteresting info.');
INSERT INTO "users" VALUES(4,'user_4','user_4@example.com','This is the bio for user 4. It might contain some interesting or uninteresting info.');
INSERT INTO "users" VALUES(5,'user_5','user_5@example.com','This is the bio for user 5. It might contain some interesting or uninteresting info.');
INSERT INTO "users" VALUES(6,'user_6','user_6@example.com','This is the bio for user 6. It might contain some interesting or uninteresting info.');
INSERT INTO "users" VALUES(7,'user_7','user_7@example.com','This is the bio for user 7. It might contain some interesting or uninteresting info.');
INSERT INTO "users" VALUES(8,'user_8','user_8@example.com','This is the bio for user 8. It might contain some interesting or uninteresting info.');
INSERT INTO "users" VALUES(9,'user_9','user_9@example.com','This is the bio for user 9. It might contain some interesting or uninteresting info.');
INSERT INTO "users" VALUES(10,'user_10','user_10@example.com','This is the bio for user 10. It might contain some interesting or uninteresting info.');
INSERT INTO "users" VALUES(11,'user_11','user_11@example.com','This is the bio for user 11. It might contain some interesting or uninteresting info.');
INSERT INTO "users" VALUES(12,'user_12','user_12@example.com','This is the bio for user 12. It might contain some interesting or uninteresting info.');
INSERT INTO "users" VALUES(13,'user_13','user_13@example.com','This is the bio for user 13. It might contain some interesting or uninteresting info.');
INSERT INTO "users" VALUES(14,'user_14','user_14@example.com','This is the bio for user 14. It might contain some interesting or uninteresting info.');
INSERT INTO "users" VALUES(15,'user_15','user_15@example.com','This is the bio for user 15. It might contain some interesting or uninteresting info.');
INSERT INTO "users" VALUES(16,'user_16','user_16@example.com','This is the bio for user 16. It might contain some interesting or uninteresting info.');
INSERT INTO "users" VALUES(17,'user_17','user_17@example.com','This is the bio for user 17. It might contain some interesting or uninteresting info.');
INSERT INTO "users" VALUES(18,'user_18','user_18@example.com','This is the bio for user 18. It might contain some interesting or uninteresting info.');
INSERT INTO "users" VALUES(19,'user_19','user_19@example.com','This is the bio for user 19. It might contain some interesting or uninteresting info.');
INSERT INTO "users" VALUES(20,'user_20','user_20@example.com','This is the bio for user 20. It might contain some interesting or uninteresting info.');
INSERT INTO "users" VALUES(21,'user_21','user_21@example.com','This is the bio for user 21. It might contain some interesting or uninteresting info.');
INSERT INTO "users" VALUES(22,'user_22','user_22@example.com','This is the bio for user 22. It might contain some interesting or uninteresting info.');
INSERT INTO "users" VALUES(23,'user_23','user_23@example.com','This is the bio for user 23. It might contain some interesting or uninteresting info.');
INSERT INTO "users" VALUES(24,'user_24','user_24@example.com','This is the bio for user 24. It might contain some interesting or uninteresting info.');
INSERT INTO "users" VALUES(25,'user_25','user_25@example.com','This is the bio for user 25. It might contain some interesting or uninteresting info.');
INSERT INTO "users" VALUES(26,'user_26','user_26@example.com','This is the bio for user 26. It might contain some interesting or uninteresting info.');
INSERT INTO "users" VALUES(27,'user_27','user_27@example.com','This is the bio for user 27. It might contain some interesting or uninteresting info.');
INSERT INTO "users" VALUES(28,'user_28','user_28@example.com','This is the bio for user 28. It might contain some interesting or uninteresting info.');
INSERT INTO "users" VALUES(29,'user_29','user_29@example.com','This is the bio for user 29. It might contain some interesting or uninteresting info.');
INSERT INTO "users" VALUES(30,'user_30','user_30@example.com','This is the bio for user 30. It might contain some interesting or uninteresting info.');
INSERT INTO "users" VALUES(31,'user_31','user_31@example.com','This is the bio for user 31. It might contain some interesting or uninteresting info.');
INSERT INTO "users" VALUES(32,'user_32','user_32@example.com','This is the bio for user 32. It might contain some interesting or uninteresting info.');
INSERT INTO "users" VALUES(33,'user_33','user_33@example.com','This is the bio for user 33. It might contain some interesting or uninteresting info.');
INSERT INTO "users" VALUES(34,'user_34','user_34@example.com','This is the bio for user 34. It might contain some interesting or uninteresting info.');
INSERT INTO "users" VALUES(35,'user_35','user_35@example.com','This is the bio for user 35. It might contain some interesting or uninteresting info.');
INSERT INTO "users" VALUES(36,'user_36','user_36@example.com','This is the bio for user 36. It might contain some interesting or uninteresting info.');
INSERT INTO "users" VALUES(37,'user_37','user_37@example.com','This is the bio for user 37. It might contain some interesting or uninteresting info.');
INSERT INTO "users" VALUES(38,'user_38','user_38@example.com','This is the bio for user 38. It might contain some interesting or uninteresting info.');
INSERT INTO "users" VALUES(39,'user_39','user_39@example.com','This is the bio for user 39. It might contain some interesting or uninteresting info.');
INSERT INTO "users" VALUES(40,'user_40','user_40@example.com','This is the bio for user 40. It might contain some interesting or uninteresting info.');
INSERT INTO "users" VALUES(41,'user_41','user_41@example.com','This is the bio for user 41. It might contain some interesting or uninteresting info.');
INSERT INTO "users" VALUES(42,'user_42','user_42@example.com','This is the bio for user 42. It might contain some interesting or uninteresting info.');
INSERT INTO "users" VALUES(43,'user_43','user_43@example.com','This is the bio for user 43. It might contain some interesting or uninteresting info.');
INSERT INTO "users" VALUES(44,'user_44','user_44@example.com','This is the bio for user 44. It might contain some interesting or uninteresting info.');
INSERT INTO "users" VALUES(45,'user_45','user_45@example.com','This is the bio for user 45. It might contain some interesting or uninteresting info.');
INSERT INTO "users" VALUES(46,'user_46','user_46@example.com','This is the bio for user 46. It might contain some interesting or uninteresting info.');
INSERT INTO "users" VALUES(47,'user_47','user_47@example.com','This is the bio for user 47. It might contain some interesting or uninteresting info.');
INSERT INTO "users" VALUES(48,'user_48','user_48@example.com','This is the bio for user 48. It might contain some interesting or uninteresting info.');
INSERT INTO "users" VALUES(49,'user_49','user_49@example.com','This is the bio for user 49. It might contain some interesting or uninteresting info.');
INSERT INTO "users" VALUES(50,'user_50','user_50@example.com','This is the bio for user 50. It might contain some interesting or uninteresting info.');
INSERT INTO "users" VALUES(51,'user_51','user_51@example.com','This is the bio for user 51. It might contain some interesting or uninteresting info.');
INSERT INTO "users" VALUES(52,'user_52','user_52@example.com','This is the bio for user 52. It might contain some interesting or uninteresting info.');
INSERT INTO "users" VALUES(53,'user_53','user_53@example.com','This is the bio for user 53. It might contain some interesting or uninteresting info.');
INSERT INTO "users" VALUES(54,'user_54','user_54@example.com','This is the bio for user 54. It might contain some interesting or uninteresting info.');
INSERT INTO "users" VALUES(55,'user_55','user_55@example.com','This is the bio for user 55. It might contain some interesting or uninteresting info.');
INSERT INTO "users" VALUES(56,'user_56','user_56@example.com','This is the bio for user 56. It might contain some interesting or uninteresting info.');
INSERT INTO "users" VALUES(57,'user_57','user_57@example.com','This is the bio for user 57. It might contain some interesting or uninteresting info.');
INSERT INTO "users" VALUES(58,'user_58','user_58@example.com','This is the bio for user 58. It might contain some interesting or uninteresting info.');
INSERT INTO "users" VALUES(59,'user_59','user_59@example.com','This is the bio for user 59. It might contain some interesting or uninteresting info.');
INSERT INTO "users" VALUES(60,'user_60','user_60@example.com','This is the bio for user 60. It might contain some interesting or uninteresting info.');
INSERT INTO "users" VALUES(61,'user_61','user_61@example.com','This is the bio for user 61. It might contain some interesting or uninteresting info.');
INSERT INTO "users" VALUES(62,'user_62','user_62@example.com','This is the bio for user 62. It might contain some interesting or uninteresting info.');
INSERT INTO "users" VALUES(63,'user_63','user_63@example.com','This is the bio for user 63. It might contain some interesting or uninteresting info.');
INSERT INTO "users" VALUES(64,'user_64','user_64@example.com','This is the bio for user 64. It might contain some interesting or uninteresting info.');
INSERT INTO "users" VALUES(65,'user_65','user_65@example.com','This is the bio for user 65. It might contain some interesting or uninteresting info.');
INSERT INTO "users" VALUES(66,'user_66','user_66@example.com','This is the bio for user 66. It might contain some interesting or uninteresting info.');
INSERT INTO "users" VALUES(67,'user_67','user_67@example.com','This is the bio for user 67. It might contain some interesting or uninteresting info.');
INSERT INTO "users" VALUES(68,'user_68','user_68@example.com','This is the bio for user 68. It might contain some interesting or uninteresting info.');
INSERT INTO "users" VALUES(69,'user_69','user_69@example.com','This is the bio for user 69. It might contain some interesting or uninteresting info.');
INSERT INTO "users" VALUES(70,'user_70','user_70@example.com','This is the bio for user 70. It might contain some interesting or uninteresting info.');
INSERT INTO "users" VALUES(71,'user_71','user_71@example.com','This is the bio for user 71. It might contain some interesting or uninteresting info.');
INSERT INTO "users" VALUES(72,'user_72','user_72@example.com','This is the bio for user 72. It might contain some interesting or uninteresting info.');
INSERT INTO "users" VALUES(73,'user_73','user_73@example.com','This is the bio for user 73. It might contain some interesting or uninteresting info.');
INSERT INTO "users" VALUES(74,'user_74','user_74@example.com','This is the bio for user 74. It might contain some interesting or uninteresting info.');
INSERT INTO "users" VALUES(75,'user_75','user_75@example.com','This is the bio for user 75. It might contain some interesting or uninteresting info.');
INSERT INTO "users" VALUES(76,'user_76','user_76@example.com','This is the bio for user 76. It might contain some interesting or uninteresting info.');
INSERT INTO "users" VALUES(77,'user_77','user_77@example.com','This is the bio for user 77. It might contain some interesting or uninteresting info.');
INSERT INTO "users" VALUES(78,'user_78','user_78@example.com','This is the bio for user 78. It might contain some interesting or uninteresting info.');
INSERT INTO "users" VALUES(79,'user_79','user_79@example.com','This is the bio for user 79. It might contain some interesting or uninteresting info.');
INSERT INTO "users" VALUES(80,'user_80','user_80@example.com','This is the bio for user 80. It might contain some interesting or uninteresting info.');
INSERT INTO "users" VALUES(81,'user_81','user_81@example.com','This is the bio for user 81. It might contain some interesting or uninteresting info.');
INSERT INTO "users" VALUES(82,'user_82','user_82@example.com','This is the bio for user 82. It might contain some interesting or uninteresting info.');
INSERT INTO "users" VALUES(83,'user_83','user_83@example.com','This is the bio for user 83. It might contain some interesting or uninteresting info.');
INSERT INTO "users" VALUES(84,'user_84','user_84@example.com','This is the bio for user 84. It might contain some interesting or uninteresting info.');
INSERT INTO "users" VALUES(85,'user_85','user_85@example.com','This is the bio for user 85. It might contain some interesting or uninteresting info.');
INSERT INTO "users" VALUES(86,'user_86','user_86@example.com','This is the bio for user 86. It might contain some interesting or uninteresting info.');
INSERT INTO "users" VALUES(87,'user_87','user_87@example.com','This is the bio for user 87. It might contain some interesting or uninteresting info.');
INSERT INTO "users" VALUES(88,'user_88','user_88@example.com','This is the bio for user 88. It might contain some interesting or uninteresting info.');
INSERT INTO "users" VALUES(89,'user_89','user_89@example.com','This is the bio for user 89. It might contain some interesting or uninteresting info.');
INSERT INTO "users" VALUES(90,'user_90','user_90@example.com','This is the bio for user 90. It might contain some interesting or uninteresting info.');
INSERT INTO "users" VALUES(91,'user_91','user_91@example.com','This is the bio for user 91. It might contain some interesting or uninteresting info.');
INSERT INTO "users" VALUES(92,'user_92','user_92@example.com','This is the bio for user 92. It might contain some interesting or uninteresting info.');
INSERT INTO "users" VALUES(93,'user_93','user_93@example.com','This is the bio for user 93. It might contain some interesting or uninteresting info.');
INSERT INTO "users" VALUES(94,'user_94','user_94@example.com','This is the bio for user 94. It might contain some interesting or uninteresting info.');
INSERT INTO "users" VALUES(95,'user_95','user_95@example.com','This is the bio for user 95. It might contain some interesting or uninteresting info.');
INSERT INTO "users" VALUES(96,'user_96','user_96@example.com','This is the bio for user 96. It might contain some interesting or uninteresting info.');
INSERT INTO "users" VALUES(97,'user_97','user_97@example.com','This is the bio for user 97. It might contain some interesting or uninteresting info.');
INSERT INTO "users" VALUES(98,'user_98','user_98@example.com','This is the bio for user 98. It might contain some interesting or uninteresting info.');
INSERT INTO "users" VALUES(99,'user_99','user_99@example.com','This is the bio for user 99. It might contain some interesting or uninteresting info.');
INSERT INTO "users" VALUES(100,'user_100','user_100@example.com','This is the bio for user 100. It might contain some interesting or uninteresting info.');
COMMIT;
