BEGIN TRANSACTION;
CREATE TABLE orders (
        id INTEGER PRIMARY KEY,
        user_id INTEGER,
        product_id INTEGER,
        quantity INTEGER,
        order_date TEXT,
        FOREIGN KEY (user_id) REFERENCES users (id),
        FOREIGN KEY (product_id) REFERENCES products (id)
    );
INSERT INTO "orders" VALUES(1,50,1,2,'2023-09-19');
INSERT INTO "orders" VALUES(2,95,11,2,'2023-03-20');
INSERT INTO "orders" VALUES(3,7,5,3,'2023-10-13');
INSERT INTO "orders" VALUES(4,75,1,2,'2023-08-28');
INSERT INTO "orders" VALUES(5,24,7,4,'2023-01-20');
INSERT INTO "orders" VALUES(6,47,1,4,'2023-07-23');
INSERT INTO "orders" VALUES(7,66,16,2,'2023-10-09');
INSERT INTO "orders" VALUES(8,82,10,1,'2023-11-08');
INSERT INTO "orders" VALUES(9,42,13,1,'2023-07-15');
INSERT INTO "orders" VALUES(10,27,2,4,'2023-12-18');
INSERT INTO "orders" VALUES(11,30,13,4,'2023-12-28');
INSERT INTO "orders" VALUES(12,84,13,4,'2023-12-28');
INSERT INTO "orders" VALUES(13,53,8,2,'2023-06-04');
INSERT INTO "orders" VALUES(14,84,2,2,'2023-07-04');
INSERT INTO "orders" VALUES(15,87,5,3,'2023-07-16');
INSERT INTO "orders" VALUES(16,32,12,5,'2023-09-21');
INSERT INTO "orders" VALUES(17,52,15,1,'2023-07-28');
INSERT INTO "orders" VALUES(18,77,7,4,'2023-06-16');
INSERT INTO "orders" VALUES(19,12,11,3,'2023-08-25');
INSERT INTO "orders" VALUES(20,17,15,4,'2023-05-22');
INSERT INTO "orders" VALUES(21,34,15,5,'2023-03-05');
INSERT INTO "orders" VALUES(22,98,1,4,'2023-12-21');
INSERT INTO "orders" VALUES(23,12,8,1,'2023-09-27');
INSERT INTO "orders" VALUES(24,48,7,1,'2023-06-12');
INSERT INTO "orders" VALUES(25,64,3,4,'2023-06-17');
INSERT INTO "orders" VALUES(26,24,9,1,'2023-10-02');
INSERT INTO "orders" VALUES(27,49,6,1,'2023-09-26');
INSERT INTO "orders" VALUES(28,98,7,1,'2023-03-02');
INSERT INTO "orders" VALUES(29,62,7,1,'2023-07-09');
INSERT INTO "orders" VALUES(30,15,11,1,'2023-07-16');
INSERT INTO "orders" VALUES(31,90,17,5,'2023-12-21');
INSERT INTO "orders" VALUES(32,55,5,3,'2023-01-16');
INSERT INTO "orders" VALUES(33,41,2,2,'2023-09-15');
INSERT INTO "orders" VALUES(34,26,12,1,'2023-12-22');
INSERT INTO "orders" VALUES(35,74,3,4,'2023-10-21');
INSERT INTO "orders" VALUES(36,91,7,2,'2023-02-01');
INSERT INTO "orders" VALUES(37,74,19,4,'2023-04-03');
INSERT INTO "orders" VALUES(38,23,5,5,'2023-11-16');
INSERT INTO "orders" VALUES(39,39,15,2,'2023-05-26');
INSERT INTO "orders" VALUES(40,71,4,2,'2023-09-17');
INSERT INTO "orders" VALUES(41,18,4,3,'2023-12-03');
INSERT INTO "orders" VALUES(42,82,19,4,'2023-02-26');
INSERT INTO "orders" VALUES(43,2,13,4,'2023-05-17');
INSERT INTO "orders" VALUES(44,37,9,1,'2023-04-01');
INSERT INTO "orders" VALUES(45,55,2,4,'2023-01-28');
INSERT INTO "orders" VALUES(46,58,13,2,'2023-06-09');
INSERT INTO "orders" VALUES(47,83,3,1,'2023-10-24');
INSERT INTO "orders" VALUES(48,70,1,2,'2023-04-11');
INSERT INTO "orders" VALUES(49,48,16,4,'2023-09-17');
INSERT INTO "orders" VALUES(50,89,6,4,'2023-01-11');
INSERT INTO "orders" VALUES(51,36,7,5,'2023-07-09');
INSERT INTO "orders" VALUES(52,90,13,3,'2023-09-03');
INSERT INTO "orders" VALUES(53,83,9,3,'2023-06-23');
INSERT INTO "orders" VALUES(54,8,9,2,'2023-12-07');
INSERT INTO "orders" VALUES(55,89,20,5,'2023-10-19');
INSERT INTO "orders" VALUES(56,66,2,2,'2023-04-27');
INSERT INTO "orders" VALUES(57,41,6,2,'2023-02-22');
INSERT INTO "orders" VALUES(58,90,8,2,'2023-08-02');
INSERT INTO "orders" VALUES(59,12,18,3,'2023-03-26');
INSERT INTO "orders" VALUES(60,67,12,2,'2023-12-02');
INSERT INTO "orders" VALUES(61,63,3,5,'2023-07-17');
INSERT INTO "orders" VALUES(62,13,14,3,'2023-11-24');
INSERT INTO "orders" VALUES(63,92,17,1,'2023-02-20');
INSERT INTO "orders" VALUES(64,3,6,2,'2023-04-17');
INSERT INTO "orders" VALUES(65,40,8,4,'2023-02-16');
INSERT INTO "orders" VALUES(66,30,8,1,'2023-07-23');
INSERT INTO "orders" VALUES(67,92,15,1,'2023-08-08');
INSERT INTO "orders" VALUES(68,30,10,3,'2023-05-17');
INSERT INTO "orders" VALUES(69,35,3,4,'2023-12-03');
INSERT INTO "orders" VALUES(70,80,4,4,'2023-11-17');
INSERT INTO "orders" VALUES(71,3,15,5,'2023-11-05');
INSERT INTO "orders" VALUES(72,92,6,2,'2023-02-25');
INSERT INTO "orders" VALUES(73,37,3,4,'2023-05-19');
INSERT INTO "orders" VALUES(74,88,17,3,'2023-07-13');
INSERT INTO "orders" VALUES(75,7,16,4,'2023-02-05');
INSERT INTO "orders" VALUES(76,98,18,5,'2023-08-11');
INSERT INTO "orders" VALUES(77,31,11,3,'2023-01-01');
INSERT INTO "orders" VALUES(78,1,17,2,'2023-04-18');
INSERT INTO "orders" VALUES(79,73,20,4,'2023-06-13');
INSERT INTO "orders" VALUES(80,79,13,4,'2023-01-22');
INSERT INTO "orders" VALUES(81,62,6,3,'2023-02-05');
INSERT INTO "orders" VALUES(82,53,9,3,'2023-10-18');
INSERT INTO "orders" VALUES(83,11,15,1,'2023-01-10');
INSERT INTO "orders" VALUES(84,74,13,5,'2023-11-15');
INSERT INTO "orders" VALUES(85,11,18,1,'2023-10-10');
INSERT INTO "orders" VALUES(86,82,18,1,'2023-11-16');
INSERT INTO "orders" VALUES(87,5,20,3,'2023-08-02');
INSERT INTO "orders" VALUES(88,4,13,2,'2023-06-17');
INSERT INTO "orders" VALUES(89,33,2,4,'2023-12-08');
INSERT INTO "orders" VALUES(90,36,2,5,'2023-12-04');
INSERT INTO "orders" VALUES(91,67,11,1,'2023-06-01');
INSERT INTO "orders" VALUES(92,25,19,3,'2023-09-02');
INSERT INTO "orders" VALUES(93,10,19,4,'2023-12-27');
INSERT INTO "orders" VALUES(94,82,17,2,'2023-01-12');
INSERT INTO "orders" VALUES(95,47,13,3,'2023-02-15');
INSERT INTO "orders" VALUES(96,69,15,4,'2023-04-18');
INSERT INTO "orders" VALUES(97,99,5,5,'2023-10-16');
INSERT INTO "orders" VALUES(98,8,16,2,'2023-10-20');
INSERT INTO "orders" VALUES(99,14,18,5,'2023-01-16');
INSERT INTO "orders" VALUES(100,26,12,1,'2023-10-12');
INSERT INTO "orders" VALUES(101,5,6,2,'2023-03-14');
INSERT INTO "orders" VALUES(102,47,10,1,'2023-06-23');
INSERT INTO "orders" VALUES(103,31,7,4,'2023-03-11');
INSERT INTO "orders" VALUES(104,22,3,2,'2023-05-09');
INSERT INTO "orders" VALUES(105,60,16,3,'2023-04-06');
INSERT INTO "orders" VALUES(106,45,1,5,'2023-10-21');
INSERT INTO "orders" VALUES(107,43,19,5,'2023-10-07');
INSERT INTO "orders" VALUES(108,57,4,1,'2023-01-28');
INSERT INTO "orders" VALUES(109,66,18,5,'2023-12-03');
INSERT INTO "orders" VALUES(110,84,17,5,'2023-05-11');
INSERT INTO "orders" VALUES(111,2,12,4,'2023-09-13');
INSERT INTO "orders" VALUES(112,45,18,5,'2023-03-27');
INSERT INTO "orders" VALUES(113,75,15,1,'2023-06-24');
INSERT INTO "orders" VALUES(114,5,9,4,'2023-09-10');
INSERT INTO "orders" VALUES(115,32,2,5,'2023-09-18');
INSERT INTO "orders" VALUES(116,13,8,1,'2023-11-15');
INSERT INTO "orders" VALUES(117,48,10,3,'2023-03-01');
INSERT INTO "orders" VALUES(118,87,10,1,'2023-10-02');
INSERT INTO "orders" VALUES(119,1,8,3,'2023-02-13');
INSERT INTO "orders" VALUES(120,89,20,5,'2023-08-09');
INSERT INTO "orders" VALUES(121,56,9,1,'2023-10-13');
INSERT INTO "orders" VALUES(122,72,7,1,'2023-02-12');
INSERT INTO "orders" VALUES(123,19,3,4,'2023-12-23');
INSERT INTO "orders" VALUES(124,10,5,3,'2023-02-13');
INSERT INTO "orders" VALUES(125,10,6,2,'2023-09-12');
INSERT INTO "orders" VALUES(126,34,19,4,'2023-07-16');
INSERT INTO "orders" VALUES(127,76,14,4,'2023-04-11');
INSERT INTO "orders" VALUES(128,28,6,4,'2023-05-23');
INSERT INTO "orders" VALUES(129,30,9,2,'2023-07-12');
INSERT INTO "orders" VALUES(130,15,1,3,'2023-12-27');
INSERT INTO "orders" VALUES(131,45,16,5,'2023-05-01');
INSERT INTO "orders" VALUES(132,66,16,2,'2023-11-06');
INSERT INTO "orders" VALUES(133,49,12,4,'2023-05-06');
INSERT INTO "orders" VALUES(134,11,3,2,'2023-06-12');
INSERT INTO "orders" VALUES(135,72,12,5,'2023-10-20');
INSERT INTO "orders" VALUES(136,58,11,2,'2023-03-21');
INSERT INTO "orders" VALUES(137,17,14,2,'2023-05-01');
INSERT INTO "orders" VALUES(138,79,6,2,'2023-03-05');
INSERT INTO "orders" VALUES(139,43,2,2,'2023-03-09');
INSERT INTO "orders" VALUES(140,75,10,4,'2023-04-05');
INSERT INTO "orders" VALUES(141,93,10,2,'2023-09-09');
INSERT INTO "orders" VALUES(142,25,3,3,'2023-06-19');
INSERT INTO "orders" VALUES(143,52,5,3,'2023-11-04');
INSERT INTO "orders" VALUES(144,3,6,1,'2023-10-01');
INSERT INTO "orders" VALUES(145,52,18,3,'2023-05-14');
INSERT INTO "orders" VALUES(146,29,7,4,'2023-05-17');
INSERT INTO "orders" VALUES(147,34,6,4,'2023-08-24');
INSERT INTO "orders" VALUES(148,14,3,2,'2023-12-03');
INSERT INTO "orders" VALUES(149,87,6,2,'2023-01-05');
INSERT INTO "orders" VALUES(150,39,6,5,'2023-09-23');
INSERT INTO "orders" VALUES(151,12,17,2,'2023-01-08');
INSERT INTO "orders" VALUES(152,43,8,3,'2023-06-04');
INSERT INTO "orders" VALUES(153,90,20,3,'2023-02-14');
INSERT INTO "orders" VALUES(154,91,7,2,'2023-11-06');
INSERT INTO "orders" VALUES(155,48,19,5,'2023-11-28');
INSERT INTO "orders" VALUES(156,53,12,4,'2023-08-12');
INSERT INTO "orders" VALUES(157,79,4,3,'2023-04-27');
INSERT INTO "orders" VALUES(158,72,12,1,'2023-09-12');
INSERT INTO "orders" VALUES(159,61,20,4,'2023-05-20');
INSERT INTO "orders" VALUES(160,88,18,1,'2023-02-07');
INSERT INTO "orders" VALUES(161,13,13,4,'2023-01-04');
INSERT INTO "orders" VALUES(162,42,20,2,'2023-03-02');
INSERT INTO "orders" VALUES(163,92,18,3,'2023-06-14');
INSERT INTO "orders" VALUES(164,42,19,4,'2023-10-17');
INSERT INTO "orders" VALUES(165,43,13,5,'2023-01-06');
INSERT INTO "orders" VALUES(166,43,15,5,'2023-07-23');
INSERT INTO "orders" VALUES(167,68,12,5,'2023-12-12');
INSERT INTO "orders" VALUES(168,2,7,3,'2023-06-06');
INSERT INTO "orders" VALUES(169,70,11,3,'2023-01-17');
INSERT INTO "orders" VALUES(170,22,10,2,'2023-06-14');
INSERT INTO "orders" VALUES(171,69,11,5,'2023-04-27');
INSERT INTO "orders" VALUES(172,31,9,2,'2023-01-01');
INSERT INTO "orders" VALUES(173,99,11,3,'2023-02-06');
INSERT INTO "orders" VALUES(174,22,1,2,'2023-12-10');
INSERT INTO "orders" VALUES(175,78,11,1,'2023-12-05');
INSERT INTO "orders" VALUES(176,46,5,3,'2023-07-20');
INSERT INTO "orders" VALUES(177,69,16,1,'2023-03-08');
INSERT INTO "orders" VALUES(178,13,6,1,'2023-07-24');
INSERT INTO "orders" VALUES(179,78,12,1,'2023-05-22');
INSERT INTO "orders" VALUES(180,12,2,5,'2023-12-20');
INSERT INTO "orders" VALUES(181,62,12,1,'2023-06-18');
INSERT INTO "orders" VALUES(182,60,2,1,'2023-10-06');
INSERT INTO "orders" VALUES(183,36,7,5,'2023-07-25');
INSERT INTO "orders" VALUES(184,14,4,5,'2023-12-16');
INSERT INTO "orders" VALUES(185,23,4,2,'2023-02-13');
INSERT INTO "orders" VALUES(186,29,3,2,'2023-10-04');
INSERT INTO "orders" VALUES(187,93,9,3,'2023-11-15');
INSERT INTO "orders" VALUES(188,97,18,2,'2023-11-06');
INSERT INTO "orders" VALUES(189,59,10,4,'2023-06-22');
INSERT INTO "orders" VALUES(190,18,8,1,'2023-01-10');
INSERT INTO "orders" VALUES(191,14,20,1,'2023-03-15');
INSERT INTO "orders" VALUES(192,90,1,2,'2023-08-20');
INSERT INTO "orders" VALUES(193,62,6,4,'2023-01-07');
INSERT INTO "orders" VALUES(194,92,13,1,'2023-03-17');
INSERT INTO "orders" VALUES(195,43,3,1,'2023-08-27');
INSERT INTO "orders" VALUES(196,6,2,4,'2023-03-16');
INSERT INTO "orders" VALUES(197,96,19,1,'2023-09-27');
INSERT INTO "orders" VALUES(198,88,17,4,'2023-06-01');
INSERT INTO "orders" VALUES(199,80,1,1,'2023-05-01');
INSERT INTO "orders" VALUES(200,70,13,4,'2023-02-21');
INSERT INTO "orders" VALUES(201,30,10,3,'2023-07-15');
INSERT INTO "orders" VALUES(202,98,17,5,'2023-03-04');
INSERT INTO "orders" VALUES(203,40,2,5,'2023-06-10');
INSERT INTO "orders" VALUES(204,5,11,2,'2023-11-28');
INSERT INTO "orders" VALUES(205,37,14,1,'2023-07-17');
INSERT INTO "orders" VALUES(206,98,20,3,'2023-12-07');
INSERT INTO "orders" VALUES(207,80,16,5,'2023-11-22');
INSERT INTO "orders" VALUES(208,63,18,3,'2023-09-22');
INSERT INTO "orders" VALUES(209,11,18,3,'2023-05-07');
INSERT INTO "orders" VALUES(210,30,20,1,'2023-03-05');
INSERT INTO "orders" VALUES(211,100,2,2,'2023-11-20');
INSERT INTO "orders" VALUES(212,68,12,1,'2023-06-23');
INSERT INTO "orders" VALUES(213,9,18,1,'2023-07-27');
INSERT INTO "orders" VALUES(214,23,15,1,'2023-02-25');
INSERT INTO "orders" VALUES(215,66,11,1,'2023-03-18');
INSERT INTO "orders" VALUES(216,35,4,5,'2023-03-16');
INSERT INTO "orders" VALUES(217,13,7,4,'2023-11-15');
INSERT INTO "orders" VALUES(218,61,7,4,'2023-05-18');
INSERT INTO "orders" VALUES(219,48,15,2,'2023-02-02');
INSERT INTO "orders" VALUES(220,89,11,5,'2023-03-08');
INSERT INTO "orders" VALUES(221,91,1,2,'2023-12-07');
INSERT INTO "orders" VALUES(222,2,6,3,'2023-10-17');
INSERT INTO "orders" VALUES(223,27,6,1,'2023-12-13');
INSERT INTO "orders" VALUES(224,65,12,3,'2023-06-03');
INSERT INTO "orders" VALUES(225,40,14,1,'2023-06-17');
INSERT INTO "orders" VALUES(226,10,6,3,'2023-10-06');
INSERT INTO "orders" VALUES(227,73,15,4,'2023-05-06');
INSERT INTO "orders" VALUES(228,18,8,5,'2023-07-23');
INSERT INTO "orders" VALUES(229,28,5,4,'2023-01-13');
INSERT INTO "orders" VALUES(230,59,1,1,'2023-06-06');
INSERT INTO "orders" VALUES(231,20,10,4,'2023-09-08');
INSERT INTO "orders" VALUES(232,59,1,4,'2023-10-15');
INSERT INTO "orders" VALUES(233,80,7,5,'2023-09-10');
INSERT INTO "orders" VALUES(234,66,8,2,'2023-02-01');
INSERT INTO "orders" VALUES(235,51,18,5,'2023-11-18');
INSERT INTO "orders" VALUES(236,25,1,4,'2023-02-12');
INSERT INTO "orders" VALUES(237,35,4,4,'2023-12-19');
INSERT INTO "orders" VALUES(238,56,20,2,'2023-11-06');
INSERT INTO "orders" VALUES(239,80,11,5,'2023-06-21');
INSERT INTO "orders" VALUES(240,96,12,1,'2023-11-23');
INSERT INTO "orders" VALUES(241,61,5,4,'2023-09-01');
INSERT INTO "orders" VALUES(242,9,9,4,'2023-12-03');
INSERT INTO "orders" VALUES(243,40,18,3,'2023-10-24');
INSERT INTO "orders" VALUES(244,74,17,3,'2023-06-17');
INSERT INTO "orders" VALUES(245,11,1,4,'2023-02-13');
INSERT INTO "orders" VALUES(246,11,16,3,'2023-05-16');
INSERT INTO "orders" VALUES(247,9,6,1,'2023-10-05');
INSERT INTO "orders" VALUES(248,92,6,2,'2023-05-10');
INSERT INTO "orders" VALUES(249,50,6,4,'2023-12-20');
INSERT INTO "orders" VALUES(250,8,12,3,'2023-02-06');
INSERT INTO "orders" VALUES(251,51,4,2,'2023-11-18');
INSERT INTO "orders" VALUES(252,47,10,5,'2023-01-04');
INSERT INTO "orders" VALUES(253,86,6,2,'2023-07-22');
INSERT INTO "orders" VALUES(254,91,8,1,'2023-09-19');
INSERT INTO "orders" VALUES(255,51,19,2,'2023-09-12');
INSERT INTO "orders" VALUES(256,60,11,1,'2023-11-24');
INSERT INTO "orders" VALUES(257,93,19,5,'2023-09-10');
INSERT INTO "orders" VALUES(258,22,20,3,'2023-06-23');
INSERT INTO "orders" VALUES(259,18,8,5,'2023-01-11');
INSERT INTO "orders" VALUES(260,4,2,3,'2023-05-20');
INSERT INTO "orders" VALUES(261,54,2,3,'2023-08-12');
INSERT INTO "orders" VALUES(262,98,11,3,'2023-05-01');
INSERT INTO "orders" VALUES(263,78,2,4,'2023-10-23');
INSERT INTO "orders" VALUES(264,81,11,2,'2023-01-23');
INSERT INTO "orders" VALUES(265,67,3,4,'2023-03-27');
INSERT INTO "orders" VALUES(266,87,5,1,'2023-10-14');
INSERT INTO "orders" VALUES(267,30,5,1,'2023-06-13');
INSERT INTO "orders" VALUES(268,81,17,3,'2023-09-24');
INSERT INTO "orders" VALUES(269,24,19,4,'2023-12-25');
INSERT INTO "orders" VALUES(270,11,20,3,'2023-03-25');
INSERT INTO "orders" VALUES(271,75,6,3,'2023-03-12');
INSERT INTO "orders" VALUES(272,12,18,3,'2023-04-13');
INSERT INTO "orders" VALUES(273,57,5,4,'2023-05-10');
INSERT INTO "orders" VALUES(274,83,19,1,'2023-12-28');
INSERT INTO "orders" VALUES(275,84,10,3,'2023-05-01');
INSERT INTO "orders" VALUES(276,58,9,5,'2023-06-27');
INSERT INTO "orders" VALUES(277,69,5,2,'2023-06-27');
INSERT INTO "orders" VALUES(278,74,2,4,'2023-12-19');
INSERT INTO "orders" VALUES(279,15,3,2,'2023-04-20');
INSERT INTO "orders" VALUES(280,5,7,2,'2023-04-16');
INSERT INTO "orders" VALUES(281,43,18,1,'2023-10-17');
INSERT INTO "orders" VALUES(282,75,15,5,'2023-11-04');
INSERT INTO "orders" VALUES(283,60,4,5,'2023-10-10');
INSERT INTO "orders" VALUES(284,34,9,4,'2023-02-12');
INSERT INTO "orders" VALUES(285,53,1,3,'2023-10-21');
INSERT INTO "orders" VALUES(286,63,16,2,'2023-12-26');
INSERT INTO "orders" VALUES(287,60,11,2,'2023-11-07');
INSERT INTO "orders" VALUES(288,5,7,2,'2023-02-23');
INSERT INTO "orders" VALUES(289,68,9,2,'2023-03-10');
INSERT INTO "orders" VALUES(290,21,6,3,'2023-10-15');
INSERT INTO "orders" VALUES(291,31,11,1,'2023-01-05');
INSERT INTO "orders" VALUES(292,40,13,4,'2023-04-20');
INSERT INTO "orders" VALUES(293,7,17,4,'2023-01-17');
INSERT INTO "orders" VALUES(294,52,10,4,'2023-09-28');
INSERT INTO "orders" VALUES(295,26,8,3,'2023-03-21');
INSERT INTO "orders" VALUES(296,6,10,1,'2023-03-17');
INSERT INTO "orders" VALUES(297,20,20,2,'2023-11-05');
INSERT INTO "orders" VALUES(298,40,19,5,'2023-09-02');
INSERT INTO "orders" VALUES(299,97,16,1,'2023-01-27');
INSERT INTO "orders" VALUES(300,8,2,3,'2023-11-24');
INSERT INTO "orders" VALUES(301,44,15,1,'2023-08-02');
INSERT INTO "orders" VALUES(302,57,15,5,'2023-07-24');
INSERT INTO "orders" VALUES(303,3,20,4,'2023-10-27');
INSERT INTO "orders" VALUES(304,54,2,2,'2023-05-08');
INSERT INTO "orders" VALUES(305,71,17,1,'2023-05-07');
INSERT INTO "orders" VALUES(306,57,16,2,'2023-08-01');
INSERT INTO "orders" VALUES(307,65,11,3,'2023-05-11');
INSERT INTO "orders" VALUES(308,87,20,5,'2023-02-02');
INSERT INTO "orders" VALUES(309,68,19,4,'2023-09-06');
INSERT INTO "orders" VALUES(310,62,11,2,'2023-03-11');
INSERT INTO "orders" VALUES(311,7,2,1,'2023-09-13');
INSERT INTO "orders" VALUES(312,13,3,3,'2023-04-21');
INSERT INTO "orders" VALUES(313,30,5,4,'2023-12-21');
INSERT INTO "orders" VALUES(314,68,12,2,'2023-10-07');
INSERT INTO "orders" VALUES(315,6,4,5,'2023-09-09');
INSERT INTO "orders" VALUES(316,13,18,3,'2023-04-07');
INSERT INTO "orders" VALUES(317,35,17,2,'2023-05-05');
INSERT INTO "orders" VALUES(318,31,15,5,'2023-06-26');
INSERT INTO "orders" VALUES(319,10,12,1,'2023-03-27');
INSERT INTO "orders" VALUES(320,29,14,1,'2023-12-20');
INSERT INTO "orders" VALUES(321,9,1,4,'2023-10-06');
INSERT INTO "orders" VALUES(322,97,1,2,'2023-02-18');
INSERT INTO "orders" VALUES(323,18,11,4,'2023-07-06');
INSERT INTO "orders" VALUES(324,9,4,3,'2023-12-24');
INSERT INTO "orders" VALUES(325,46,18,4,'2023-01-08');
INSERT INTO "orders" VALUES(326,47,14,4,'2023-06-14');
INSERT INTO "orders" VALUES(327,87,10,3,'2023-11-13');
INSERT INTO "orders" VALUES(328,73,17,5,'2023-09-25');
INSERT INTO "orders" VALUES(329,52,17,2,'2023-04-17');
INSERT INTO "orders" VALUES(330,93,9,5,'2023-01-15');
INSERT INTO "orders" VALUES(331,24,4,5,'2023-09-26');
INSERT INTO "orders" VALUES(332,89,20,2,'2023-10-26');
INSERT INTO "orders" VALUES(333,98,6,4,'2023-06-01');
INSERT INTO "orders" VALUES(334,60,20,5,'2023-02-19');
INSERT INTO "orders" VALUES(335,52,2,4,'2023-03-20');
INSERT INTO "orders" VALUES(336,43,8,4,'2023-06-10');
INSERT INTO "orders" VALUES(337,12,16,4,'2023-04-24');
INSERT INTO "orders" VALUES(338,41,18,5,'2023-02-02');
INSERT INTO "orders" VALUES(339,77,12,5,'2023-04-20');
INSERT INTO "orders" VALUES(340,93,11,1,'2023-11-20');
INSERT INTO "orders" VALUES(341,62,9,2,'2023-02-27');
INSERT INTO "orders" VALUES(342,59,18,4,'2023-07-15');
INSERT INTO "orders" VALUES(343,25,8,5,'2023-09-07');
INSERT INTO "orders" VALUES(344,12,6,4,'2023-08-10');
INSERT INTO "orders" VALUES(345,14,18,3,'2023-07-20');
INSERT INTO "orders" VALUES(346,7,18,2,'2023-10-09');
INSERT INTO "orders" VALUES(347,47,5,4,'2023-12-10');
INSERT INTO "orders" VALUES(348,72,16,3,'2023-09-02');
INSERT INTO "orders" VALUES(349,76,6,4,'2023-12-13');
INSERT INTO "orders" VALUES(350,77,18,4,'2023-07-11');
INSERT INTO "orders" VALUES(351,10,8,4,'2023-01-28');
INSERT INTO "orders" VALUES(352,52,10,1,'2023-10-24');
INSERT INTO "orders" VALUES(353,80,6,2,'2023-08-14');
INSERT INTO "orders" VALUES(354,22,4,5,'2023-01-17');
INSERT INTO "orders" VALUES(355,62,18,2,'2023-07-18');
INSERT INTO "orders" VALUES(356,50,9,1,'2023-03-10');
INSERT INTO "orders" VALUES(357,81,8,5,'2023-02-01');
INSERT INTO "orders" VALUES(358,87,12,3,'2023-06-15');
INSERT INTO "orders" VALUES(359,83,4,1,'2023-02-10');
INSERT INTO "orders" VALUES(360,9,9,3,'2023-01-06');
INSERT INTO "orders" VALUES(361,42,20,2,'2023-10-11');
INSERT INTO "orders" VALUES(362,68,1,2,'2023-12-27');
INSERT INTO "orders" VALUES(363,92,2,5,'2023-11-24');
INSERT INTO "orders" VALUES(364,63,13,2,'2023-12-07');
INSERT INTO "orders" VALUES(365,49,7,2,'2023-10-17');
INSERT INTO "orders" VALUES(366,52,5,4,'2023-09-14');
INSERT INTO "orders" VALUES(367,1,18,5,'2023-07-14');
INSERT INTO "orders" VALUES(368,67,15,1,'2023-02-18');
INSERT INTO "orders" VALUES(369,78,14,3,'2023-02-10');
INSERT INTO "orders" VALUES(370,66,7,4,'2023-05-24');
INSERT INTO "orders" VALUES(371,54,3,1,'2023-11-09');
INSERT INTO "orders" VALUES(372,15,12,4,'2023-11-23');
INSERT INTO "orders" VALUES(373,27,9,2,'2023-04-15');
INSERT INTO "orders" VALUES(374,29,6,1,'2023-01-16');
INSERT INTO "orders" VALUES(375,65,17,5,'2023-04-18');
INSERT INTO "orders" VALUES(376,19,3,3,'2023-12-07');
INSERT INTO "orders" VALUES(377,97,13,5,'2023-03-20');
INSERT INTO "orders" VALUES(378,95,8,4,'2023-03-19');
INSERT INTO "orders" VALUES(379,54,17,1,'2023-10-17');
INSERT INTO "orders" VALUES(380,10,18,2,'2023-10-23');
INSERT INTO "orders" VALUES(381,99,8,4,'2023-08-09');
INSERT INTO "orders" VALUES(382,66,2,1,'2023-09-07');
INSERT INTO "orders" VALUES(383,46,5,4,'2023-04-17');
INSERT INTO "orders" VALUES(384,86,4,2,'2023-06-04');
INSERT INTO "orders" VALUES(385,93,8,2,'2023-01-04');
INSERT INTO "orders" VALUES(386,21,12,5,'2023-04-17');
INSERT INTO "orders" VALUES(387,84,7,4,'2023-11-26');
INSERT INTO "orders" VALUES(388,5,19,5,'2023-11-14');
INSERT INTO "orders" VALUES(389,63,1,3,'2023-02-27');
INSERT INTO "orders" VALUES(390,6,12,5,'2023-02-07');
INSERT INTO "orders" VALUES(391,34,8,1,'2023-01-16');
INSERT INTO "orders" VALUES(392,19,6,5,'2023-12-20');
INSERT INTO "orders" VALUES(393,48,18,4,'2023-02-23');
INSERT INTO "orders" VALUES(394,22,1,2,'2023-10-04');
INSERT INTO "orders" VALUES(395,13,20,3,'2023-02-18');
INSERT INTO "orders" VALUES(396,43,7,5,'2023-10-25');
INSERT INTO "orders" VALUES(397,5,10,3,'2023-08-08');
INSERT INTO "orders" VALUES(398,11,12,3,'2023-08-10');
INSERT INTO "orders" VALUES(399,36,16,5,'2023-08-17');
INSERT INTO "orders" VALUES(400,96,15,2,'2023-01-26');
INSERT INTO "orders" VALUES(401,31,5,3,'2023-11-11');
INSERT INTO "orders" VALUES(402,35,14,1,'2023-06-25');
INSERT INTO "orders" VALUES(403,63,20,5,'2023-08-01');
INSERT INTO "orders" VALUES(404,7,17,2,'2023-03-07');
INSERT INTO "orders" VALUES(405,63,16,1,'2023-11-02');
INSERT INTO "orders" VALUES(406,83,5,3,'2023-09-19');
INSERT INTO "orders" VALUES(407,44,1,2,'2023-01-17');
INSERT INTO "orders" VALUES(408,9,6,4,'2023-10-26');
INSERT INTO "orders" VALUES(409,84,17,1,'2023-02-28');
INSERT INTO "orders" VALUES(410,6,13,3,'2023-06-05');
INSERT INTO "orders" VALUES(411,77,5,2,'2023-12-02');
INSERT INTO "orders" VALUES(412,11,10,4,'2023-09-13');
INSERT INTO "orders" VALUES(413,37,2,3,'2023-02-25');
INSERT INTO "orders" VALUES(414,67,6,4,'2023-06-01');
INSERT INTO "orders" VALUES(415,16,19,5,'2023-12-02');
INSERT INTO "orders" VALUES(416,51,13,1,'2023-06-03');
INSERT INTO "orders" VALUES(417,75,14,2,'2023-05-21');
INSERT INTO "orders" VALUES(418,70,16,3,'2023-10-09');
INSERT INTO "orders" VALUES(419,50,14,5,'2023-10-11');
INSERT INTO "orders" VALUES(420,33,12,2,'2023-04-13');
INSERT INTO "orders" VALUES(421,98,12,2,'2023-09-11');
INSERT INTO "orders" VALUES(422,96,6,2,'2023-04-13');
INSERT INTO "orders" VALUES(423,68,13,1,'2023-05-07');
INSERT INTO "orders" VALUES(424,54,16,1,'2023-03-25');
INSERT INTO "orders" VALUES(425,57,7,3,'2023-02-04');
INSERT INTO "orders" VALUES(426,66,14,1,'2023-06-25');
INSERT INTO "orders" VALUES(427,77,11,2,'2023-06-20');
INSERT INTO "orders" VALUES(428,78,6,1,'2023-01-26');
INSERT INTO "orders" VALUES(429,93,13,5,'2023-09-10');
INSERT INTO "orders" VALUES(430,66,15,3,'2023-10-13');
INSERT INTO "orders" VALUES(431,76,4,4,'2023-06-18');
INSERT INTO "orders" VALUES(432,91,12,5,'2023-04-22');
INSERT INTO "orders" VALUES(433,86,2,2,'2023-01-06');
INSERT INTO "orders" VALUES(434,31,3,2,'2023-03-08');
INSERT INTO "orders" VALUES(435,18,3,4,'2023-03-17');
INSERT INTO "orders" VALUES(436,85,17,2,'2023-08-04');
INSERT INTO "orders" VALUES(437,86,7,5,'2023-05-05');
INSERT INTO "orders" VALUES(438,97,18,2,'2023-08-21');
INSERT INTO "orders" VALUES(439,28,19,4,'2023-06-20');
INSERT INTO "orders" VALUES(440,71,18,4,'2023-06-12');
INSERT INTO "orders" VALUES(441,10,7,4,'2023-02-01');
INSERT INTO "orders" VALUES(442,38,13,3,'2023-09-24');
INSERT INTO "orders" VALUES(443,92,5,5,'2023-07-14');
INSERT INTO "orders" VALUES(444,8,13,1,'2023-10-07');
INSERT INTO "orders" VALUES(445,18,10,5,'2023-05-13');
INSERT INTO "orders" VALUES(446,5,10,5,'2023-06-19');
INSERT INTO "orders" VALUES(447,86,16,4,'2023-03-27');
INSERT INTO "orders" VALUES(448,36,2,5,'2023-02-11');
INSERT INTO "orders" VALUES(449,40,16,2,'2023-01-01');
INSERT INTO "orders" VALUES(450,58,3,5,'2023-04-06');
INSERT INTO "orders" VALUES(451,65,4,1,'2023-02-27');
INSERT INTO "orders" VALUES(452,80,4,2,'2023-02-06');
INSERT INTO "orders" VALUES(453,16,18,3,'2023-06-09');
INSERT INTO "orders" VALUES(454,23,16,1,'2023-08-07');
INSERT INTO "orders" VALUES(455,32,15,1,'2023-05-14');
INSERT INTO "orders" VALUES(456,45,11,3,'2023-10-07');
INSERT INTO "orders" VALUES(457,22,19,4,'2023-07-22');
INSERT INTO "orders" VALUES(458,83,7,1,'2023-12-21');
INSERT INTO "orders" VALUES(459,53,14,1,'2023-02-03');
INSERT INTO "orders" VALUES(460,91,20,3,'2023-01-25');
INSERT INTO "orders" VALUES(461,64,11,4,'2023-01-09');
INSERT INTO "orders" VALUES(462,91,9,2,'2023-11-17');
INSERT INTO "orders" VALUES(463,54,7,3,'2023-01-10');
INSERT INTO "orders" VALUES(464,80,8,4,'2023-07-17');
INSERT INTO "orders" VALUES(465,16,17,3,'2023-12-07');
INSERT INTO "orders" VALUES(466,96,3,4,'2023-01-23');
INSERT INTO "orders" VALUES(467,85,12,1,'2023-01-04');
INSERT INTO "orders" VALUES(468,81,18,5,'2023-08-15');
INSERT INTO "orders" VALUES(469,70,4,4,'2023-10-14');
INSERT INTO "orders" VALUES(470,28,10,1,'2023-05-18');
INSERT INTO "orders" VALUES(471,21,11,2,'2023-06-11');
INSERT INTO "orders" VALUES(472,37,4,5,'2023-07-14');
INSERT INTO "orders" VALUES(473,68,6,3,'2023-10-25');
INSERT INTO "orders" VALUES(474,40,9,3,'2023-09-08');
INSERT INTO "orders" VALUES(475,70,20,5,'2023-05-14');
INSERT INTO "orders" VALUES(476,14,16,3,'2023-11-23');
INSERT INTO "orders" VALUES(477,89,16,5,'2023-05-28');
INSERT INTO "orders" VALUES(478,53,17,1,'2023-02-13');
INSERT INTO "orders" VALUES(479,33,2,3,'2023-08-08');
INSERT INTO "orders" VALUES(480,16,5,2,'2023-03-24');
INSERT INTO "orders" VALUES(481,3,6,3,'2023-07-24');
INSERT INTO "orders" VALUES(482,14,15,4,'2023-11-09');
INSERT INTO "orders" VALUES(483,43,16,5,'2023-08-12');
INSERT INTO "orders" VALUES(484,93,5,1,'2023-08-16');
INSERT INTO "orders" VALUES(485,14,14,2,'2023-06-07');
INSERT INTO "orders" VALUES(486,14,14,5,'2023-09-14');
INSERT INTO "orders" VALUES(487,73,6,4,'2023-10-03');
INSERT INTO "orders" VALUES(488,47,12,2,'2023-12-23');
INSERT INTO "orders" VALUES(489,66,2,1,'2023-12-22');
INSERT INTO "orders" VALUES(490,55,8,2,'2023-06-25');
INSERT INTO "orders" VALUES(491,36,16,3,'2023-08-28');
INSERT INTO "orders" VALUES(492,66,7,5,'2023-10-20');
INSERT INTO "orders" VALUES(493,29,11,1,'2023-11-06');
INSERT INTO "orders" VALUES(494,38,5,5,'2023-02-14');
INSERT INTO "orders" VALUES(495,16,9,2,'2023-10-25');
INSERT INTO "orders" VALUES(496,12,12,3,'2023-09-13');
INSERT INTO "orders" VALUES(497,65,1,5,'2023-10-20');
INSERT INTO "orders" VALUES(498,19,20,5,'2023-07-21');
INSERT INTO "orders" VALUES(499,65,19,1,'2023-07-19');
INSERT INTO "orders" VALUES(500,45,18,5,'2023-12-09');
CREATE TABLE products (
        id INTEGER PRIMARY KEY,
        name TEXT NOT NULL,
        price REAL NOT NULL,
        description TEXT
    );
INSERT INTO "products" VALUES(1,'Product 1',163.21,'Description for product 1. Features include X, Y, and Z.');
INSERT INTO "products" VALUES(2,'Product 2',429.91,'Description for product 2. Features include X, Y, and Z.');
INSERT INTO "products" VALUES(3,'Product 3',258.11,'Description for product 3. Features include X, Y, and Z.');
INSERT INTO "products" VALUES(4,'Product 4',85.6,'Description for product 4. Features include X, Y, and Z.');
INSERT INTO "products" VALUES(5,'Product 5',70.88,'Description for product 5. Features include X, Y, and Z.');
INSERT INTO "products" VALUES(6,'Product 6',352.04,'Description for product 6. Features include X, Y, and Z.');
INSERT INTO "products" VALUES(7,'Product 7',220.11,'Description for product 7. Features include X, Y, and Z.');
INSERT INTO "products" VALUES(8,'Product 8',41.64,'Description for product 8. Features include X, Y, and Z.');
INSERT INTO "products" VALUES(9,'Product 9',423.87,'Description for product 9. Features include X, Y, and Z.');
INSERT INTO "products" VALUES(10,'Product 10',211.87,'Description for product 10. Features include X, Y, and Z.');
INSERT INTO "products" VALUES(11,'Product 11',410.6,'Description for product 11. Features include X, Y, and Z.');
INSERT INTO "products" VALUES(12,'Product 12',37.64,'Description for product 12. Features include X, Y, and Z.');
INSERT INTO "products" VALUES(13,'Product 13',323.17,'Description for product 13. Features include X, Y, and Z.');
INSERT INTO "products" VALUES(14,'Product 14',75.49,'Description for product 14. Features include X, Y, and Z.');
INSERT INTO "products" VALUES(15,'Product 15',448.35,'Description for product 15. Features include X, Y, and Z.');
INSERT INTO "products" VALUES(16,'Product 16',216.99,'Description for product 16. Features include X, Y, and Z.');
INSERT INTO "products" VALUES(17,'Product 17',18.72,'Description for product 17. Features include X, Y, and Z.');
INSERT INTO "products" VALUES(18,'Product 18',442.63,'Description for product 18. Features include X, Y, and Z.');
INSERT INTO "products" VALUES(19,'Product 19',153.06,'Description for product 19. Features include X, Y, and Z.');
INSERT INTO "products" VALUES(20,'Product 20',46.09,'Description for product 20. Features include X, Y, and Z.');
CREATE TABLE users (
        id INTEGER PRIMARY KEY,
        username TEXT NOT NULL,
        email TEXT NOT NULL,
        bio TEXT
    );
INSERT INTO "users" VALUES(1,'user_1','user_1@example.com','This is the bio for user 1. It might contain some interesting or uninteresting info.');
INSERT INTO "users" VALUES(2,'user_2','user_2@example.com','This is the bio for user 2. It might contain some interesting or uninteresting info.');
INSERT INTO "users" VALUES(3,'user_3','user_3@example.com','This is the bio for user 3. It might contain some interesting or uninteresting info.');
INSERT INTO "users" VALUES(4,'user_4','user_4@example.com','This is the bio for user 4. It might contain some interesting or uninteresting info.');
INSERT INTO "users" VALUES(5,'user_5','user_5@example.com','This is the bio for user 5. It might contain some interesting or uninteresting info.');
INSERT INTO "users" VALUES(6,'user_6','user_6@example.com','This is the bio for user 6. It might contain some interesting or uninteresting info.');
INSERT INTO "users" VALUES(7,'user_7','user_7@example.com','This is the bio for user 7. It might contain some interesting or uninteresting info.');
INSERT INTO "users" VALUES(8,'user_8','user_8@example.com','This is the bio for user 8. It might contain some interesting or uninteresting info.');
INSERT INTO "users" VALUES(9,'user_9','user_9@example.com','This is the bio for user 9. It might contain some interesting or uninteresting info.');
INSERT INTO "users" VALUES(10,'user_10','user_10@example.com','This is the bio for user 10. It might contain some interesting or uninteresting info.');
INSERT INTO "users" VALUES(11,'user_11','user_11@example.com','This is the bio for user 11. It might contain some interesting or uninteresting info.');
INSERT INTO "users" VALUES(12,'user_12','user_12@example.com','This is the bio for user 12. It might contain some interesting or uninteresting info.');
INSERT INTO "users" VALUES(13,'user_13','user_13@example.com','This is the bio for user 13. It might contain some interesting or uninteresting info.');
INSERT INTO "users" VALUES(14,'user_14','user_14@example.com','This is the bio for user 14. It might contain some interesting or uninteresting info.');
INSERT INTO "users" VALUES(15,'user_15','user_15@example.com','This is the bio for user 15. It might contain some interesting or uninteresting info.');
INSERT INTO "users" VALUES(16,'user_16','user_16@example.com','This is the bio for user 16. It might contain some interesting or uninteresting info.');
INSERT INTO "users" VALUES(17,'user_17','user_17@example.com','This is the bio for user 17. It might contain some interesting or uninteresting info.');
INSERT INTO "users" VALUES(18,'user_18','user_18@example.com','This is the bio for user 18. It might contain some interesting or uninteresting info.');
INSERT INTO "users" VALUES(19,'user_19','user_19@example.com','This is the bio for user 19. It might contain some interesting or uninteresting info.');
INSERT INTO "users" VALUES(20,'user_20','user_20@example.com','This is the bio for user 20. It might contain some interesting or uninteresting info.');
INSERT INTO "users" VALUES(21,'user_21','user_21@example.com','This is the bio for user 21. It might contain some interesting or uninteresting info.');
INSERT INTO "users" VALUES(22,'user_22','user_22@example.com','This is the bio for user 22. It might contain some interesting or uninteresting info.');
INSERT INTO "users" VALUES(23,'user_23','user_23@example.com','This is the bio for user 23. It might contain some interesting or uninteresting info.');
INSERT INTO "users" VALUES(24,'user_24','user_24@example.com','This is the bio for user 24. It might contain some interesting or uninteresting info.');
INSERT INTO "users" VALUES(25,'user_25','user_25@example.com','This is the bio for user 25. It might contain some interesting or uninteresting info.');
INSERT INTO "users" VALUES(26,'user_26','user_26@example.com','This is the bio for user 26. It might contain some interesting or uninteresting info.');
INSERT INTO "users" VALUES(27,'user_27','user_27@example.com','This is the bio for user 27. It might contain some interesting or uninteresting info.');
INSERT INTO "users" VALUES(28,'user_28','user_28@example.com','This is the bio for user 28. It might contain some interesting or uninteresting info.');
INSERT INTO "users" VALUES(29,'user_29','user_29@example.com','This is the bio for user 29. It might contain some interesting or uninteresting info.');
INSERT INTO "users" VALUES(30,'user_30','user_30@example.com','This is the bio for user 30. It might contain some interesting or uninteresting info.');
INSERT INTO "users" VALUES(31,'user_31','user_31@example.com','This is the bio for user 31. It might contain some interesting or uninteresting info.');
INSERT INTO "users" VALUES(32,'user_32','user_32@example.com','This is the bio for user 32. It might contain some interesting or uninteresting info.');
INSERT INTO "users" VALUES(33,'user_33','user_33@example.com','This is the bio for user 33. It might contain some interesting or uninteresting info.');
INSERT INTO "users" VALUES(34,'user_34','user_34@example.com','This is the bio for user 34. It might contain some interesting or uninteresting info.');
INSERT INTO "users" VALUES(35,'user_35','user_35@example.com','This is the bio for user 35. It might contain some interesting or uninteresting info.');
INSERT INTO "users" VALUES(36,'user_36','user_36@example.com','This is the bio for user 36. It might contain some interesting or uninteresting info.');
INSERT INTO "users" VALUES(37,'user_37','user_37@example.com','This is the bio for user 37. It might contain some interesting or uninteresting info.');
INSERT INTO "users" VALUES(38,'user_38','user_38@example.com','This is the bio for user 38. It might contain some interesting or uninteresting info.');
INSERT INTO "users" VALUES(39,'user_39','user_39@example.com','This is the bio for user 39. It might contain some interesting or uninteresting info.');
INSERT INTO "users" VALUES(40,'user_40','user_40@example.com','This is the bio for user 40. It might contain some interesting or uninteresting info.');
INSERT INTO "users" VALUES(41,'user_41','user_41@example.com','This is the bio for user 41. It might contain some interesting or uninteresting info.');
INSERT INTO "users" VALUES(42,'user_42','user_42@example.com','This is the bio for user 42. It might contain some interesting or uninteresting info.');
INSERT INTO "users" VALUES(43,'user_43','user_43@example.com','This is the bio for user 43. It might contain some interesting or uninteresting info.');
INSERT INTO "users" VALUES(44,'user_44','user_44@example.com','This is the bio for user 44. It might contain some interesting or uninteresting info.');
INSERT INTO "users" VALUES(45,'user_45','user_45@example.com','This is the bio for user 45. It might contain some interesting or uninteresting info.');
INSERT INTO "users" VALUES(46,'user_46','user_46@example.com','This is the bio for user 46. It might contain some interesting or uninteresting info.');
INSERT INTO "users" VALUES(47,'user_47','user_47@example.com','This is the bio for user 47. It might contain some interesting or uninteresting info.');
INSERT INTO "users" VALUES(48,'user_48','user_48@example.com','This is the bio for user 48. It might contain some interesting or uninteresting info.');
INSERT INTO "users" VALUES(49,'user_49','user_49@example.com','This is the bio for user 49. It might contain some interesting or uninteresting info.');
INSERT INTO "users" VALUES(50,'user_50','user_50@example.com','This is the bio for user 50. It might contain some interesting or uninteresting info.');
INSERT INTO "users" VALUES(51,'user_51','user_51@example.com','This is the bio for user 51. It might contain some interesting or uninteresting info.');
INSERT INTO "users" VALUES(52,'user_52','user_52@example.com','This is the bio for user 52. It might contain some interesting or uninteresting info.');
INSERT INTO "users" VALUES(53,'user_53','user_53@example.com','This is the bio for user 53. It might contain some interesting or uninteresting info.');
INSERT INTO "users" VALUES(54,'user_54','user_54@example.com','This is the bio for user 54. It might contain some interesting or uninteresting info.');
INSERT INTO "users" VALUES(55,'user_55','user_55@example.com','This is the bio for user 55. It might contain some interesting or uninteresting info.');
INSERT INTO "users" VALUES(56,'user_56','user_56@example.com','This is the bio for user 56. It might contain some interesting or uninteresting info.');
INSERT INTO "users" VALUES(57,'user_57','user_57@example.com','This is the bio for user 57. It might contain some interesting or uninteresting info.');
INSERT INTO "users" VALUES(58,'user_58','user_58@example.com','This is the bio for user 58. It might contain some interesting or uninteresting info.');
INSERT INTO "users" VALUES(59,'user_59','user_59@example.com','This is the bio for user 59. It might contain some interesting or uninteresting info.');
INSERT INTO "users" VALUES(60,'user_60','user_60@example.com','This is the bio for user 60. It might contain some interesting or uninteresting info.');
INSERT INTO "users" VALUES(61,'user_61','user_61@example.com','This is the bio for user 61. It might contain some interesting or uninteresting info.');
INSERT INTO "users" VALUES(62,'user_62','user_62@example.com','This is the bio for user 62. It might contain some interesting or uninteresting info.');
INSERT INTO "users" VALUES(63,'user_63','user_63@example.com','This is the bio for user 63. It might contain some interesting or uninteresting info.');
INSERT INTO "users" VALUES(64,'user_64','user_64@example.com','This is the bio for user 64. It might contain some interesting or uninteresting info.');
INSERT INTO "users" VALUES(65,'user_65','user_65@example.com','This is the bio for user 65. It might contain some interesting or uninteresting info.');
INSERT INTO "users" VALUES(66,'user_66','user_66@example.com','This is the bio for user 66. It might contain some interesting or uninteresting info.');
INSERT INTO "users" VALUES(67,'user_67','user_67@example.com','This is the bio for user 67. It might contain some interesting or uninteresting info.');
INSERT INTO "users" VALUES(68,'user_68','user_68@example.com','This is the bio for user 68. It might contain some interesting or uninteresting info.');
INSERT INTO "users" VALUES(69,'user_69','user_69@example.com','This is the bio for user 69. It might contain some interesting or uninteresting info.');
INSERT INTO "users" VALUES(70,'user_70','user_70@example.com','This is the bio for user 70. It might contain some interesting or uninteresting info.');
INSERT INTO "users" VALUES(71,'user_71','user_71@example.com','This is the bio for user 71. It might contain some interesting or uninteresting info.');
INSERT INTO "users" VALUES(72,'user_72','user_72@example.com','This is the bio for user 72. It might contain some interesting or uninteresting info.');
INSERT INTO "users" VALUES(73,'user_73','user_73@example.com','This is the bio for user 73. It might contain some interesting or uninteresting info.');
INSERT INTO "users" VALUES(74,'user_74','user_74@example.com','This is the bio for user 74. It might contain some interesting or uninteresting info.');
INSERT INTO "users" VALUES(75,'user_75','user_75@example.com','This is the bio for user 75. It might contain some interesting or uninteresting info.');
INSERT INTO "users" VALUES(76,'user_76','user_76@example.com','This is the bio for user 76. It might contain some interesting or uninteresting info.');
INSERT INTO "users" VALUES(77,'user_77','user_77@example.com','This is the bio for user 77. It might contain some interesting or uninteresting info.');
INSERT INTO "users" VALUES(78,'user_78','user_78@example.com','This is the bio for user 78. It might contain some interesting or uninteresting info.');
INSERT INTO "users" VALUES(79,'user_79','user_79@example.com','This is the bio for user 79. It might contain some interesting or uninteresting info.');
INSERT INTO "users" VALUES(80,'user_80','user_80@example.com','This is the bio for user 80. It might contain some interesting or uninteresting info.');
INSERT INTO "users" VALUES(81,'user_81','user_81@example.com','This is the bio for user 81. It might contain some interesting or uninteresting info.');
INSERT INTO "users" VALUES(82,'user_82','user_82@example.com','This is the bio for user 82. It might contain some interesting or uninteresting info.');
INSERT INTO "users" VALUES(83,'user_83','user_83@example.com','This is the bio for user 83. It might contain some interesting or uninteresting info.');
INSERT INTO "users" VALUES(84,'user_84','user_84@example.com','This is the bio for user 84. It might contain some interesting or uninteresting info.');
INSERT INTO "users" VALUES(85,'user_85','user_85@example.com','This is the bio for user 85. It might contain some interesting or uninteresting info.');
INSERT INTO "users" VALUES(86,'user_86','user_86@example.com','This is the bio for user 86. It might contain some interesting or uninteresting info.');
INSERT INTO "users" VALUES(87,'user_87','user_87@example.com','This is the bio for user 87. It might contain some interesting or uninteresting info.');
INSERT INTO "users" VALUES(88,'user_88','user_88@example.com','This is the bio for user 88. It might contain some interesting or uninteresting info.');
INSERT INTO "users" VALUES(89,'user_89','user_89@example.com','This is the bio for user 89. It might contain some interesting or uninteresting info.');
INSERT INTO "users" VALUES(90,'user_90','user_90@example.com','This is the bio for user 90. It might contain some interesting or uninteresting info.');
INSERT INTO "users" VALUES(91,'user_91','user_91@example.com','This is the bio for user 91. It might contain some interesting or uninteresting info.');
INSERT INTO "users" VALUES(92,'user_92','user_92@example.com','This is the bio for user 92. It might contain some interesting or uninteresting info.');
INSERT INTO "users" VALUES(93,'user_93','user_93@example.com','This is the bio for user 93. It might contain some interesting or uninteresting info.');
INSERT INTO "users" VALUES(94,'user_94','user_94@example.com','This is the bio for user 94. It might contain some interesting or uninteresting info.');
INSERT INTO "users" VALUES(95,'user_95','user_95@example.com','This is the bio for user 95. It might contain some interesting or uninteresting info.');
INSERT INTO "users" VALUES(96,'user_96','user_96@example.com','This is the bio for user 96. It might contain some interesting or uninteresting info.');
INSERT INTO "users" VALUES(97,'user_97','user_97@example.com','This is the bio for user 97. It might contain some interesting or uninteresting info.');
INSERT INTO "users" VALUES(98,'user_98','user_98@example.com','This is the bio for user 98. It might contain some interesting or uninteresting info.');
INSERT INTO "users" VALUES(99,'user_99','user_99@example.com','This is the bio for user 99. It might contain some interesting or uninteresting info.');
INSERT INTO "users" VALUES(100,'user_100','user_100@example.com','This is the bio for user 100. It might contain some interesting or uninteresting info.');
COMMIT;
